Volume_max,Piston_Pressure_max_t6,Piston_Pressure_mean_t6,Piston_Position_max,Piston_Position_min,Piston_Velocity_flat_ratio_t6,Piston_Velocity_flat_duration_t8,Flow_Rate_flat_ratio,Flow_Rate_jetting_duration,scenario
49.6358457812596,5000308.98156082,1190352.0627181781,-0.0002443845180006,-0.0519322414051816,0.9625,1.887,1.0,0.0,Normal
49.6358457812596,5000308.98156082,1190352.0627181781,-0.0002443845180006,-0.0519322414051816,0.9625,1.887,1.0,0.0,Normal
49.6358457812596,5000308.98156082,1190352.0627181781,-0.0002443845180006,-0.0519322414051816,0.9625,1.887,1.0,0.0,Normal
49.6358457812596,5000308.98156082,1190352.0627181781,-0.0002443845180006,-0.0519322414051816,0.9625,1.887,1.0,0.0,Normal
49.6358457812596,5000308.98156082,1190352.0627181781,-0.0002443845180006,-0.0519322414051816,0.9625,1.887,1.0,0.0,Normal
49.6358457812596,5000308.98156082,1190352.0627181781,-0.0002443845180006,-0.0519322414051816,0.9625,1.887,1.0,0.0,Normal
49.6358457812596,5000308.98156082,1190352.0627181781,-0.0002443845180006,-0.0519322414051816,0.9625,1.887,1.0,0.0,Normal
49.6358457812596,5000308.98156082,1190352.0627181781,-0.0002443845180006,-0.0519322414051816,0.9625,1.887,1.0,0.0,Normal
49.6358457812596,5000308.98156082,1190352.0627181781,-0.0002443845180006,-0.0519322414051816,0.9625,1.887,1.0,0.0,Normal
49.6358457812596,5000308.98156082,1190352.0627181781,-0.0002443845180006,-0.0519322414051816,0.9625,1.887,1.0,0.0,Normal
49.6358457812596,5000308.98156082,1190352.0627181781,-0.0002443845180006,-0.0519322414051816,0.9625,1.887,1.0,0.0,Normal
49.6358457812596,5000308.98156082,1190352.0627181781,-0.0002443845180006,-0.0519322414051816,0.9625,1.887,1.0,0.0,Normal
49.6358457812596,5000308.98156082,1190352.0627181781,-0.0002443845180006,-0.0519322414051816,0.9625,1.887,1.0,0.0,Normal
49.6358457812596,5000308.98156082,1190352.0627181781,-0.0002443845180006,-0.0519322414051816,0.9625,1.887,1.0,0.0,Normal
49.6358457812596,5000308.98156082,1190352.0627181781,-0.0002443845180006,-0.0519322414051816,0.9625,1.887,1.0,0.0,Normal
49.6358457812596,5000308.98156082,1190352.0627181781,-0.0002443845180006,-0.0519322414051816,0.9625,1.887,1.0,0.0,Normal
49.6358457812596,5000308.98156082,1190352.0627181781,-0.0002443845180006,-0.0519322414051816,0.9625,1.887,1.0,0.0,Normal
49.6358457812596,5000308.98156082,1190352.0627181781,-0.0002443845180006,-0.0519322414051816,0.9625,1.887,1.0,0.0,Normal
49.6358457812596,5000308.98156082,1190352.0627181781,-0.0002443845180006,-0.0519322414051816,0.9625,1.887,1.0,0.0,Normal
49.6358457812596,5000308.98156082,1190352.0627181781,-0.0002443845180006,-0.0519322414051816,0.9625,1.887,1.0,0.0,Normal
49.6358457812596,5000308.98156082,1190352.0627181781,-0.0002443845180006,-0.0519322414051816,0.9625,1.887,1.0,0.0,Normal
49.6358457812596,5000308.98156082,1190352.0627181781,-0.0002443845180006,-0.0519322414051816,0.9625,1.887,1.0,0.0,Normal
49.6358457812596,5000308.98156082,1190352.0627181781,-0.0002443845180006,-0.0519322414051816,0.9625,1.887,1.0,0.0,Normal
49.6358457812596,5000308.98156082,1190352.0627181781,-0.0002443845180006,-0.0519322414051816,0.9625,1.887,1.0,0.0,Normal
49.6358457812596,5000308.98156082,1190352.0627181781,-0.0002443845180006,-0.0519322414051816,0.9625,1.887,1.0,0.0,Normal
49.6358457812596,5000308.98156082,1190352.0627181781,-0.0002443845180006,-0.0519322414051816,0.9625,1.887,1.0,0.0,Normal
49.6358457812596,5000308.98156082,1190352.0627181781,-0.0002443845180006,-0.0519322414051816,0.9625,1.887,1.0,0.0,Normal
49.6358457812596,5000308.98156082,1190352.0627181781,-0.0002443845180006,-0.0519322414051816,0.9625,1.887,1.0,0.0,Normal
49.6358457812596,5000308.98156082,1190352.0627181781,-0.0002443845180006,-0.0519322414051816,0.9625,1.887,1.0,0.0,Normal
49.6358457812596,5000308.98156082,1190352.0627181781,-0.0002443845180006,-0.0519322414051816,0.9625,1.887,1.0,0.0,Normal
49.6358457812596,5000308.98156082,1190352.0627181781,-0.0002443845180006,-0.0519322414051816,0.9625,1.887,1.0,0.0,Normal
49.6358457812596,5000308.98156082,1190352.0627181781,-0.0002443845180006,-0.0519322414051816,0.9625,1.887,1.0,0.0,Normal
49.6358457812596,5000308.98156082,1190352.0627181781,-0.0002443845180006,-0.0519322414051816,0.9625,1.887,1.0,0.0,Normal
49.6358457812596,5000308.98156082,1190352.0627181781,-0.0002443845180006,-0.0519322414051816,0.9625,1.887,1.0,0.0,Normal
49.6358457812596,5000308.98156082,1190352.0627181781,-0.0002443845180006,-0.0519322414051816,0.9625,1.887,1.0,0.0,Normal
49.6358457812596,5000308.98156082,1190352.0627181781,-0.0002443845180006,-0.0519322414051816,0.9625,1.887,1.0,0.0,Normal
49.6358457812596,5000308.98156082,1190352.0627181781,-0.0002443845180006,-0.0519322414051816,0.9625,1.887,1.0,0.0,Normal
49.6358457812596,5000308.98156082,1190352.0627181781,-0.0002443845180006,-0.0519322414051816,0.9625,1.887,1.0,0.0,Normal
49.6358457812596,5000308.98156082,1190352.0627181781,-0.0002443845180006,-0.0519322414051816,0.9625,1.887,1.0,0.0,Normal
49.6358457812596,5000308.98156082,1190352.0627181781,-0.0002443845180006,-0.0519322414051816,0.9625,1.887,1.0,0.0,Normal
49.6358457812596,5000308.98156082,1190352.0627181781,-0.0002443845180006,-0.0519322414051816,0.9625,1.887,1.0,0.0,Normal
49.6358457812596,5000308.98156082,1190352.0627181781,-0.0002443845180006,-0.0519322414051816,0.9625,1.887,1.0,0.0,Normal
49.6358457812596,5000308.98156082,1190352.0627181781,-0.0002443845180006,-0.0519322414051816,0.9625,1.887,1.0,0.0,Normal
49.6358457812596,5000308.98156082,1190352.0627181781,-0.0002443845180006,-0.0519322414051816,0.9625,1.887,1.0,0.0,Normal
49.6358457812596,5000308.98156082,1190352.0627181781,-0.0002443845180006,-0.0519322414051816,0.9625,1.887,1.0,0.0,Normal
49.6358457812596,5000308.98156082,1190352.0627181781,-0.0002443845180006,-0.0519322414051816,0.9625,1.887,1.0,0.0,Normal
49.6358457812596,5000308.98156082,1190352.0627181781,-0.0002443845180006,-0.0519322414051816,0.9625,1.887,1.0,0.0,Normal
49.6358457812596,5000308.98156082,1190352.0627181781,-0.0002443845180006,-0.0519322414051816,0.9625,1.887,1.0,0.0,Normal
49.6358457812596,5000308.98156082,1190352.0627181781,-0.0002443845180006,-0.0519322414051816,0.9625,1.887,1.0,0.0,Normal
49.6358457812596,5000308.98156082,1190352.0627181781,-0.0002443845180006,-0.0519322414051816,0.9625,1.887,1.0,0.0,Normal
49.6358457812596,5000308.98156082,1190352.0627181781,-0.0002443845180006,-0.0519322414051816,0.9625,1.887,1.0,0.0,Normal
49.6358457812596,5000308.98156082,1190352.0627181781,-0.0002443845180006,-0.0519322414051816,0.9625,1.887,1.0,0.0,Normal
49.6358457812596,5000308.98156082,1190352.0627181781,-0.0002443845180006,-0.0519322414051816,0.9625,1.887,1.0,0.0,Normal
49.6358457812596,5000308.98156082,1190352.0627181781,-0.0002443845180006,-0.0519322414051816,0.9625,1.887,1.0,0.0,Normal
49.6358457812596,5000308.98156082,1190352.0627181781,-0.0002443845180006,-0.0519322414051816,0.9625,1.887,1.0,0.0,Normal
49.6358457812596,5000308.98156082,1190352.0627181781,-0.0002443845180006,-0.0519322414051816,0.9625,1.887,1.0,0.0,Normal
49.6358457812596,5000308.98156082,1190352.0627181781,-0.0002443845180006,-0.0519322414051816,0.9625,1.887,1.0,0.0,Normal
49.6358457812596,5000308.98156082,1190352.0627181781,-0.0002443845180006,-0.0519322414051816,0.9625,1.887,1.0,0.0,Normal
49.6358457812596,5000308.98156082,1190352.0627181781,-0.0002443845180006,-0.0519322414051816,0.9625,1.887,1.0,0.0,Normal
49.6358457812596,5000308.98156082,1190352.0627181781,-0.0002443845180006,-0.0519322414051816,0.9625,1.887,1.0,0.0,Normal
49.6358457812596,5000308.98156082,1190352.0627181781,-0.0002443845180006,-0.0519322414051816,0.9625,1.887,1.0,0.0,Normal
49.6358457812596,5000308.98156082,1190352.0627181781,-0.0002443845180006,-0.0519322414051816,0.9625,1.887,1.0,0.0,Normal
49.6358457812596,5000308.98156082,1190352.0627181781,-0.0002443845180006,-0.0519322414051816,0.9625,1.887,1.0,0.0,Normal
49.6358457812596,5000308.98156082,1190352.0627181781,-0.0002443845180006,-0.0519322414051816,0.9625,1.887,1.0,0.0,Normal
49.6358457812596,5000308.98156082,1190352.0627181781,-0.0002443845180006,-0.0519322414051816,0.9625,1.887,1.0,0.0,Normal
49.6358457812596,5000308.98156082,1190352.0627181781,-0.0002443845180006,-0.0519322414051816,0.9625,1.887,1.0,0.0,Normal
49.6358457812596,5000308.98156082,1190352.0627181781,-0.0002443845180006,-0.0519322414051816,0.9625,1.887,1.0,0.0,Normal
49.6358457812596,5000308.98156082,1190352.0627181781,-0.0002443845180006,-0.0519322414051816,0.9625,1.887,1.0,0.0,Normal
49.6358457812596,5000308.98156082,1190352.0627181781,-0.0002443845180006,-0.0519322414051816,0.9625,1.887,1.0,0.0,Normal
49.6358457812596,5000308.98156082,1190352.0627181781,-0.0002443845180006,-0.0519322414051816,0.9625,1.887,1.0,0.0,Normal
49.6358457812596,5000308.98156082,1190352.0627181781,-0.0002443845180006,-0.0519322414051816,0.9625,1.887,1.0,0.0,Normal
49.6358457812596,5000308.98156082,1190352.0627181781,-0.0002443845180006,-0.0519322414051816,0.9625,1.887,1.0,0.0,Normal
49.6358457812596,5000308.98156082,1190352.0627181781,-0.0002443845180006,-0.0519322414051816,0.9625,1.887,1.0,0.0,Normal
49.6358457812596,5000308.98156082,1190352.0627181781,-0.0002443845180006,-0.0519322414051816,0.9625,1.887,1.0,0.0,Normal
49.6358457812596,5000308.98156082,1190352.0627181781,-0.0002443845180006,-0.0519322414051816,0.9625,1.887,1.0,0.0,Normal
49.6358457812596,5000308.98156082,1190352.0627181781,-0.0002443845180006,-0.0519322414051816,0.9625,1.887,1.0,0.0,Normal
49.6358457812596,5000308.98156082,1190352.0627181781,-0.0002443845180006,-0.0519322414051816,0.9625,1.887,1.0,0.0,Normal
49.6358457812596,5000308.98156082,1190352.0627181781,-0.0002443845180006,-0.0519322414051816,0.9625,1.887,1.0,0.0,Normal
49.6358457812596,5000308.98156082,1190352.0627181781,-0.0002443845180006,-0.0519322414051816,0.9625,1.887,1.0,0.0,Normal
49.6358457812596,5000308.98156082,1190352.0627181781,-0.0002443845180006,-0.0519322414051816,0.9625,1.887,1.0,0.0,Normal
49.6358457812596,5000308.98156082,1190352.0627181781,-0.0002443845180006,-0.0519322414051816,0.9625,1.887,1.0,0.0,Normal
49.6358457812596,5000308.98156082,1190352.0627181781,-0.0002443845180006,-0.0519322414051816,0.9625,1.887,1.0,0.0,Normal
49.6358457812596,5000308.98156082,1190352.0627181781,-0.0002443845180006,-0.0519322414051816,0.9625,1.887,1.0,0.0,Normal
49.6358457812596,5000308.98156082,1190352.0627181781,-0.0002443845180006,-0.0519322414051816,0.9625,1.887,1.0,0.0,Normal
49.6358457812596,5000308.98156082,1190352.0627181781,-0.0002443845180006,-0.0519322414051816,0.9625,1.887,1.0,0.0,Normal
49.6358457812596,5000308.98156082,1190352.0627181781,-0.0002443845180006,-0.0519322414051816,0.9625,1.887,1.0,0.0,Normal
49.6358457812596,5000308.98156082,1190352.0627181781,-0.0002443845180006,-0.0519322414051816,0.9625,1.887,1.0,0.0,Normal
49.6358457812596,5000308.98156082,1190352.0627181781,-0.0002443845180006,-0.0519322414051816,0.9625,1.887,1.0,0.0,Normal
49.6358457812596,5000308.98156082,1190352.0627181781,-0.0002443845180006,-0.0519322414051816,0.9625,1.887,1.0,0.0,Normal
49.6358457812596,5000308.98156082,1190352.0627181781,-0.0002443845180006,-0.0519322414051816,0.9625,1.887,1.0,0.0,Normal
49.6358457812596,5000308.98156082,1190352.0627181781,-0.0002443845180006,-0.0519322414051816,0.9625,1.887,1.0,0.0,Normal
49.6358457812596,5000308.98156082,1190352.0627181781,-0.0002443845180006,-0.0519322414051816,0.9625,1.887,1.0,0.0,Normal
49.6358457812596,5000308.98156082,1190352.0627181781,-0.0002443845180006,-0.0519322414051816,0.9625,1.887,1.0,0.0,Normal
49.6358457812596,5000308.98156082,1190352.0627181781,-0.0002443845180006,-0.0519322414051816,0.9625,1.887,1.0,0.0,Normal
49.6358457812596,5000308.98156082,1190352.0627181781,-0.0002443845180006,-0.0519322414051816,0.9625,1.887,1.0,0.0,Normal
49.6358457812596,5000308.98156082,1190352.0627181781,-0.0002443845180006,-0.0519322414051816,0.9625,1.887,1.0,0.0,Normal
49.6358457812596,5000308.98156082,1190352.0627181781,-0.0002443845180006,-0.0519322414051816,0.9625,1.887,1.0,0.0,Normal
49.6358457812596,5000308.98156082,1190352.0627181781,-0.0002443845180006,-0.0519322414051816,0.9625,1.887,1.0,0.0,Normal
49.6358457812596,5000308.98156082,1190352.0627181781,-0.0002443845180006,-0.0519322414051816,0.9625,1.887,1.0,0.0,Normal
49.6358457812596,5000308.98156082,1190352.0627181781,-0.0002443845180006,-0.0519322414051816,0.9625,1.887,1.0,0.0,Normal
49.6358457812596,5000308.98156082,1190352.0627181781,-0.0002443845180006,-0.0519322414051816,0.9625,1.887,1.0,0.0,Normal
49.6358457812596,5000308.98156082,1190352.0627181781,-0.0002443845180006,-0.0519322414051816,0.9625,1.887,1.0,0.0,Normal
49.6358457812596,5000308.98156082,1190352.0627181781,-0.0002443845180006,-0.0519322414051816,0.9625,1.887,1.0,0.0,Normal
49.6358457812596,5000308.98156082,1190352.0627181781,-0.0002443845180006,-0.0519322414051816,0.9625,1.887,1.0,0.0,Normal
49.6358457812596,5000308.98156082,1190352.0627181781,-0.0002443845180006,-0.0519322414051816,0.9625,1.887,1.0,0.0,Normal
49.6358457812596,5000308.98156082,1190352.0627181781,-0.0002443845180006,-0.0519322414051816,0.9625,1.887,1.0,0.0,Normal
49.6358457812596,5000308.98156082,1190352.0627181781,-0.0002443845180006,-0.0519322414051816,0.9625,1.887,1.0,0.0,Normal
49.6358457812596,5000308.98156082,1190352.0627181781,-0.0002443845180006,-0.0519322414051816,0.9625,1.887,1.0,0.0,Normal
49.6358457812596,5000308.98156082,1190352.0627181781,-0.0002443845180006,-0.0519322414051816,0.9625,1.887,1.0,0.0,Normal
49.6358457812596,5000308.98156082,1190352.0627181781,-0.0002443845180006,-0.0519322414051816,0.9625,1.887,1.0,0.0,Normal
49.6358457812596,5000308.98156082,1190352.0627181781,-0.0002443845180006,-0.0519322414051816,0.9625,1.887,1.0,0.0,Normal
49.6358457812596,5000308.98156082,1190352.0627181781,-0.0002443845180006,-0.0519322414051816,0.9625,1.887,1.0,0.0,Normal
49.6358457812596,5000308.98156082,1190352.0627181781,-0.0002443845180006,-0.0519322414051816,0.9625,1.887,1.0,0.0,Normal
49.6358457812596,5000308.98156082,1190352.0627181781,-0.0002443845180006,-0.0519322414051816,0.9625,1.887,1.0,0.0,Normal
49.6358457812596,5000308.98156082,1190352.0627181781,-0.0002443845180006,-0.0519322414051816,0.9625,1.887,1.0,0.0,Normal
49.6358457812596,5000308.98156082,1190352.0627181781,-0.0002443845180006,-0.0519322414051816,0.9625,1.887,1.0,0.0,Normal
49.6358457812596,5000308.98156082,1190352.0627181781,-0.0002443845180006,-0.0519322414051816,0.9625,1.887,1.0,0.0,Normal
49.6358457812596,5000308.98156082,1190352.0627181781,-0.0002443845180006,-0.0519322414051816,0.9625,1.887,1.0,0.0,Normal
49.6358457812596,5000308.98156082,1190352.0627181781,-0.0002443845180006,-0.0519322414051816,0.9625,1.887,1.0,0.0,Normal
49.6358457812596,5000308.98156082,1190352.0627181781,-0.0002443845180006,-0.0519322414051816,0.9625,1.887,1.0,0.0,Normal
49.6358457812596,5000308.98156082,1190352.0627181781,-0.0002443845180006,-0.0519322414051816,0.9625,1.887,1.0,0.0,Normal
49.6358457812596,5000308.98156082,1190352.0627181781,-0.0002443845180006,-0.0519322414051816,0.9625,1.887,1.0,0.0,Normal
49.6358457812596,5000308.98156082,1190352.0627181781,-0.0002443845180006,-0.0519322414051816,0.9625,1.887,1.0,0.0,Normal
49.6358457812596,5000308.98156082,1190352.0627181781,-0.0002443845180006,-0.0519322414051816,0.9625,1.887,1.0,0.0,Normal
49.6358457812596,5000308.98156082,1190352.0627181781,-0.0002443845180006,-0.0519322414051816,0.9625,1.887,1.0,0.0,Normal
49.6358457812596,5000308.98156082,1190352.0627181781,-0.0002443845180006,-0.0519322414051816,0.9625,1.887,1.0,0.0,Normal
49.6358457812596,5000308.98156082,1190352.0627181781,-0.0002443845180006,-0.0519322414051816,0.9625,1.887,1.0,0.0,Normal
49.6358457812596,5000308.98156082,1190352.0627181781,-0.0002443845180006,-0.0519322414051816,0.9625,1.887,1.0,0.0,Normal
49.6358457812596,5000308.98156082,1190352.0627181781,-0.0002443845180006,-0.0519322414051816,0.9625,1.887,1.0,0.0,Normal
49.6358457812596,5000308.98156082,1190352.0627181781,-0.0002443845180006,-0.0519322414051816,0.9625,1.887,1.0,0.0,Normal
49.6358457812596,5000308.98156082,1190352.0627181781,-0.0002443845180006,-0.0519322414051816,0.9625,1.887,1.0,0.0,Normal
49.6358457812596,5000308.98156082,1190352.0627181781,-0.0002443845180006,-0.0519322414051816,0.9625,1.887,1.0,0.0,Normal
49.6358457812596,5000308.98156082,1190352.0627181781,-0.0002443845180006,-0.0519322414051816,0.9625,1.887,1.0,0.0,Normal
49.6358457812596,5000308.98156082,1190352.0627181781,-0.0002443845180006,-0.0519322414051816,0.9625,1.887,1.0,0.0,Normal
49.6358457812596,5000308.98156082,1190352.0627181781,-0.0002443845180006,-0.0519322414051816,0.9625,1.887,1.0,0.0,Normal
49.6358457812596,5000308.98156082,1190352.0627181781,-0.0002443845180006,-0.0519322414051816,0.9625,1.887,1.0,0.0,Normal
49.6358457812596,5000308.98156082,1190352.0627181781,-0.0002443845180006,-0.0519322414051816,0.9625,1.887,1.0,0.0,Normal
49.6358457812596,5000308.98156082,1190352.0627181781,-0.0002443845180006,-0.0519322414051816,0.9625,1.887,1.0,0.0,Normal
49.6358457812596,5000308.98156082,1190352.0627181781,-0.0002443845180006,-0.0519322414051816,0.9625,1.887,1.0,0.0,Normal
49.6358457812596,5000308.98156082,1190352.0627181781,-0.0002443845180006,-0.0519322414051816,0.9625,1.887,1.0,0.0,Normal
49.6358457812596,5000308.98156082,1190352.0627181781,-0.0002443845180006,-0.0519322414051816,0.9625,1.887,1.0,0.0,Normal
49.6358457812596,5000308.98156082,1190352.0627181781,-0.0002443845180006,-0.0519322414051816,0.9625,1.887,1.0,0.0,Normal
49.6358457812596,5000308.98156082,1190352.0627181781,-0.0002443845180006,-0.0519322414051816,0.9625,1.887,1.0,0.0,Normal
49.6358457812596,5000308.98156082,1190352.0627181781,-0.0002443845180006,-0.0519322414051816,0.9625,1.887,1.0,0.0,Normal
49.6358457812596,5000308.98156082,1190352.0627181781,-0.0002443845180006,-0.0519322414051816,0.9625,1.887,1.0,0.0,Normal
49.6358457812596,5000308.98156082,1190352.0627181781,-0.0002443845180006,-0.0519322414051816,0.9625,1.887,1.0,0.0,Normal
49.6358457812596,5000308.98156082,1190352.0627181781,-0.0002443845180006,-0.0519322414051816,0.9625,1.887,1.0,0.0,Normal
49.6358457812596,5000308.98156082,1190352.0627181781,-0.0002443845180006,-0.0519322414051816,0.9625,1.887,1.0,0.0,Normal
49.6358457812596,5000308.98156082,1190352.0627181781,-0.0002443845180006,-0.0519322414051816,0.9625,1.887,1.0,0.0,Normal
49.6358457812596,5000308.98156082,1190352.0627181781,-0.0002443845180006,-0.0519322414051816,0.9625,1.887,1.0,0.0,Normal
49.6358457812596,5000308.98156082,1190352.0627181781,-0.0002443845180006,-0.0519322414051816,0.9625,1.887,1.0,0.0,Normal
49.6358457812596,5000308.98156082,1190352.0627181781,-0.0002443845180006,-0.0519322414051816,0.9625,1.887,1.0,0.0,Normal
49.6358457812596,5000308.98156082,1190352.0627181781,-0.0002443845180006,-0.0519322414051816,0.9625,1.887,1.0,0.0,Normal
49.6358457812596,5000308.98156082,1190352.0627181781,-0.0002443845180006,-0.0519322414051816,0.9625,1.887,1.0,0.0,Normal
49.6358457812596,5000308.98156082,1190352.0627181781,-0.0002443845180006,-0.0519322414051816,0.9625,1.887,1.0,0.0,Normal
49.6358457812596,5000308.98156082,1190352.0627181781,-0.0002443845180006,-0.0519322414051816,0.9625,1.887,1.0,0.0,Normal
49.6358457812596,5000308.98156082,1190352.0627181781,-0.0002443845180006,-0.0519322414051816,0.9625,1.887,1.0,0.0,Normal
49.6358457812596,5000308.98156082,1190352.0627181781,-0.0002443845180006,-0.0519322414051816,0.9625,1.887,1.0,0.0,Normal
49.6358457812596,5000308.98156082,1190352.0627181781,-0.0002443845180006,-0.0519322414051816,0.9625,1.887,1.0,0.0,Normal
49.6358457812596,5000308.98156082,1190352.0627181781,-0.0002443845180006,-0.0519322414051816,0.9625,1.887,1.0,0.0,Normal
49.6358457812596,5000308.98156082,1190352.0627181781,-0.0002443845180006,-0.0519322414051816,0.9625,1.887,1.0,0.0,Normal
49.6358457812596,5000308.98156082,1190352.0627181781,-0.0002443845180006,-0.0519322414051816,0.9625,1.887,1.0,0.0,Normal
49.6358457812596,5000308.98156082,1190352.0627181781,-0.0002443845180006,-0.0519322414051816,0.9625,1.887,1.0,0.0,Normal
49.6358457812596,5000308.98156082,1190352.0627181781,-0.0002443845180006,-0.0519322414051816,0.9625,1.887,1.0,0.0,Normal
49.6358457812596,5000308.98156082,1190352.0627181781,-0.0002443845180006,-0.0519322414051816,0.9625,1.887,1.0,0.0,Normal
49.6358457812596,5000308.98156082,1190352.0627181781,-0.0002443845180006,-0.0519322414051816,0.9625,1.887,1.0,0.0,Normal
49.6358457812596,5000308.98156082,1190352.0627181781,-0.0002443845180006,-0.0519322414051816,0.9625,1.887,1.0,0.0,Normal
49.6358457812596,5000308.98156082,1190352.0627181781,-0.0002443845180006,-0.0519322414051816,0.9625,1.887,1.0,0.0,Normal
49.6358457812596,5000308.98156082,1190352.0627181781,-0.0002443845180006,-0.0519322414051816,0.9625,1.887,1.0,0.0,Normal
49.6358457812596,5000308.98156082,1190352.0627181781,-0.0002443845180006,-0.0519322414051816,0.9625,1.887,1.0,0.0,Normal
52.1475461366052,5001419.57624,1440645.0668371655,0.0001698829799899,-0.0518642854940905,0.9685,1.922,1.0,0.0,Normal
51.8747633826418,5001177.53653779,1275120.4248883582,0.0001560886647093,-0.0517785065182863,0.9605,1.8900000000000001,1.0,0.0,Normal
50.5787005627094,5000363.74476159,1232307.515237532,5.00386629279443e-05,-0.0519663443724729,0.961,1.8920000000000001,1.0,0.0,Normal
51.256345696144,5000617.09891061,1395529.5358638738,0.0001045624447061,-0.0518743402370472,0.95925,1.889,1.0,0.0,Normal
52.4341959327679,5000188.42244044,2053142.7552874174,0.000193051200967,-0.0519660392297742,0.97675,1.958,1.0,0.0,Sink mark - Velocity stalled during packing end
49.767807451022,5000256.06833273,1310668.264187699,-0.0001413398874634,-0.0519547654060526,0.9525,1.8880000000000001,1.0,0.0,Normal
52.5263116502634,5000123.55537249,2743751.9576089056,0.0002079448866254,-0.0518389943270883,0.9775,1.961,1.0,0.0,Sink mark - Velocity stalled during packing end
52.4813610378745,5000646.98931909,1817045.963213441,0.0001865480309605,-0.0519429434566343,0.976,1.956,1.0,0.0,Sink mark - Velocity stalled during packing end
52.4068570609709,5000185.65419271,2062944.1129126344,0.0001934220186705,-0.0519658095806353,0.97675,1.958,1.0,0.0,Sink mark - Velocity stalled during packing end
51.6006182003864,5000800.69787903,1170669.643832448,0.0001245123491056,-0.0519431104110446,0.97025,1.889,1.0,0.0,Normal
52.2798730883291,5000335.45710812,1996929.8665519087,0.0001913042584436,-0.0519650623427319,0.97625,1.957,1.0,0.0,Sink mark - Velocity stalled during packing end
51.0672277504177,5000523.84079004,1170516.8172138073,8.98654606568415e-05,-0.0518801357793483,0.97225,1.889,1.0,0.0,Normal
51.5993351798884,5000826.31686954,1170731.3709229485,0.0001265523818752,-0.0519122862234482,0.97025,1.8900000000000001,1.0,0.0,Normal
49.2137957331858,5000281.16684788,1168924.320530001,-0.0006380931251408,-0.0519122866146958,0.9665,1.887,1.0,0.0,Normal
50.0183264208205,5000309.71562199,1170057.0645252494,1.34932806174139e-05,-0.0519025110333513,0.9725,1.8900000000000001,1.0,0.0,Normal
52.3743598879503,5001032.91037904,1545751.377137739,0.0001810882603699,-0.0519122862234482,0.97575,1.951,1.0,0.0,Sink mark - Velocity stalled during packing end
52.3569573422177,5000534.37576022,1854401.1306227543,0.0001884121544324,-0.0517896001902235,0.97625,1.956,1.0,0.0,Sink mark - Velocity stalled during packing end
52.3421318905711,5001154.90312732,1504426.2550284073,0.0001795509614701,-0.0519035488828091,0.97575,1.951,1.0,0.0,Sink mark - Velocity stalled during packing end
51.4266500982185,5000631.06745216,1288683.7527547644,0.0001185444365329,-0.0518457253340007,0.961,1.8920000000000001,1.0,0.0,Normal
50.7984603580709,5000393.27960361,1188529.9753823834,6.76646378318099e-05,-0.0519209545461194,0.96375,1.8940000000000001,1.0,0.0,Normal
52.3693606526132,5001065.63977222,1548357.3054945904,0.0001806792714099,-0.0519122862234482,0.9755,1.95,1.0,0.0,Normal
52.4859133012327,5000546.02896984,1809503.3562751831,0.0001882182194721,-0.0519257413026122,0.976,1.956,1.0,0.0,Sink mark - Velocity stalled during packing end
51.9670623362652,5000958.74048987,1495086.9970987171,0.0001530696045784,-0.0519122862234482,0.96125,1.893,1.0,0.0,Normal
52.4508103006851,5000646.42609499,1921935.069026168,0.0001865648237326,-0.0519122948032272,0.976,1.956,1.0,0.0,Sink mark - Velocity stalled during packing end
51.714649661641,5000879.91368728,1360911.5477893583,0.0001345904735871,-0.0519122862234482,0.9605,1.8900000000000001,1.0,0.0,Normal
5.07484339485758e-06,5000341.89197522,1169578.3607901635,-0.0471548603676473,-0.0524945151179417,0.97275,1.891,1.0,0.0,Short shot
51.5465245169502,5000665.73913902,1168602.4095687862,0.0001225525604096,-0.051912287232185,0.9725,1.8920000000000001,1.0,0.0,Normal
52.4852178380475,5000516.3041329,2093045.9433635345,0.0001887250037573,-0.0519185419602078,0.97625,1.956,1.0,0.0,Sink mark - Velocity stalled during packing end
52.1129439750701,5001419.44831841,1407318.6763158645,0.0001683545279513,-0.0518527139318978,0.96725,1.917,1.0,0.0,Normal
5.22472430311292e-06,5000354.68627808,1294999.9439998392,-0.0471548603676473,-0.0524424613759116,0.9605,1.8900000000000001,1.0,0.0,Short shot
5.2449566030548e-06,5000294.16354904,1320502.4266131285,-0.0471548603676473,-0.052499574344662,0.96125,1.893,1.0,0.0,Short shot
5.44179796206573e-06,5000286.65048076,1556287.052426973,-0.0471548603676473,-0.0525002795565107,0.9615,1.8940000000000001,1.0,0.0,Short shot
51.0772184932338,5000485.76897906,1267334.0037084024,8.79650089166105e-05,-0.0519147958313062,0.9605,1.8900000000000001,1.0,0.0,Normal
48.9020389931046,5000314.48886263,1170244.5161672414,-0.00093897058704,-0.0519122862234482,0.96375,1.887,1.0,0.0,Normal
35.3998867368725,5000103.70021048,2300645.3653443144,-0.0140978856921558,-0.0519080909082952,0.9515,1.8840000000000001,1.0,0.0,Short shot
52.6115402540016,5000126.13977357,1771575.649050434,0.0002080040071384,-0.0519060502412658,0.958,1.9100000000000001,1.0,0.0,Normal
48.4800827425587,5000115.4587731,1190856.6059906273,-0.0014045936077022,-0.0519122862234482,0.95325,1.8860000000000001,1.0,0.0,Normal
50.7941061884007,5000132.2320369,1495683.980615506,6.2860455486656e-05,-0.0519143693677534,0.956,1.9020000000000001,1.0,0.0,Normal
47.7553790300534,5000120.10415614,1216186.015544327,-0.0021018840085751,-0.0519043011554981,0.952,1.883,1.0,0.0,Normal
48.3465569962904,5000115.65273341,1162963.4789424927,-0.001470840343634,-0.051844151565654,0.95925,1.8860000000000001,1.0,0.0,Normal
32.2213121707521,5000167.41320995,1318590.5742077506,-0.0171892720649514,-0.0519123041675671,0.95175,1.8820000000000001,1.0,0.0,Short shot
5.47610102442297e-06,5000340.80597609,1594256.625753522,-0.0471548603676473,-0.0524948132405322,0.96075,1.891,1.0,0.0,Short shot
49.8007201736384,5000114.84008501,1162018.1067393336,-0.0001193574491874,-0.0519122862234482,0.96475,1.8860000000000001,1.0,0.0,Normal
40.2050796805618,5000134.43574836,1217467.2465251205,-0.0094364204958845,-0.0518989306527373,0.95225,1.8840000000000001,1.0,0.0,Short shot
50.5738539697515,5000386.83605158,1367455.6270923244,5.33698295092211e-05,-0.0519122862234482,0.9555,1.8920000000000001,1.0,0.0,Normal
47.5003177749467,5000118.64535054,1174849.8393928264,-0.0023688376875177,-0.0519217917264148,0.95475,1.879,1.0,0.0,Normal
51.763404372719,5000805.39029514,1262642.4270734778,0.000140575462519,-0.0518748828508061,0.96125,1.893,1.0,0.0,Normal
43.1045608263635,5000143.40480074,1242529.7019261513,-0.0066311504289247,-0.0519122862234482,0.952,1.883,1.0,0.0,Short shot
52.4207273499508,5000470.53918781,1847046.7000255429,0.0001894881483777,-0.0518420751933054,0.97625,1.956,1.0,0.0,Sink mark - Velocity stalled during packing end
46.2062895214024,5000138.46712262,1607183.533984609,-0.0035041648311245,-0.0517949716780842,0.95125,1.883,1.0,0.0,Normal
5.19638010547974e-06,5000286.64339733,1262809.4019090887,-0.0471548603676473,-0.0524809353017284,0.9615,1.8940000000000001,1.0,0.0,Short shot
51.0798069479461,5000518.93662728,1228197.8357616765,8.85066654568119e-05,-0.0519122862234482,0.96025,1.889,1.0,0.0,Normal
48.5327012341501,5000115.98297977,1162089.9310945694,-0.0013638200678511,-0.0519226537246594,0.96475,1.8860000000000001,1.0,0.0,Normal
52.0186741573114,5001155.12705625,1310053.9718460822,0.0001603682959233,-0.0518668646364777,0.9605,1.8900000000000001,1.0,0.0,Normal
46.9598814717808,5000126.23750633,1433661.4341935692,-0.0028420905716801,-0.0518677848439955,0.9515,1.883,1.0,0.0,Normal
52.3701362338174,5001059.79951032,1773004.2835109471,0.000180743652582,-0.0519122914108302,0.97575,1.951,1.0,0.0,Sink mark - Velocity stalled during packing end
44.3291416937775,5000142.11209418,1164216.0727073539,-0.0054413464800336,-0.0519122862234482,0.964,1.883,1.0,0.0,Short shot
52.4279517910679,5000759.72548822,1789539.9775760153,0.0001848277575215,-0.0519123204213937,0.976,1.952,1.0,0.0,Sink mark - Velocity stalled during packing end
52.6030273711522,5000122.97291894,2820984.928425688,0.0002082262761566,-0.0519122862234482,0.9775,1.961,1.0,0.0,Sink mark - Velocity stalled during packing end
5.26314869148068e-06,5000300.34942146,1341935.106254569,-0.0471548603676473,-0.0524864829537764,0.96125,1.893,1.0,0.0,Short shot
50.918630983903,5000486.05273005,1436743.8033981032,7.6611182695703e-05,-0.0519122862234482,0.95475,1.893,1.0,0.0,Normal
48.9825793298702,5000115.88190258,1189677.1276731316,-0.0009151203020815,-0.0519122862234482,0.9535,1.8860000000000001,1.0,0.0,Normal
52.6257751998763,5000124.19422569,2219034.8586647953,0.0002082402245937,-0.0519123478485666,0.97,1.958,1.0,0.0,Sink mark - Velocity stalled during packing end
52.6467281643107,5000122.38456878,2610127.5826237886,0.0002085994153143,-0.0519122862234482,0.96975,1.96,1.0,0.0,Sink mark - Velocity stalled during packing end
37.9623191355954,5000126.3936234,1166931.8364690975,-0.0116259131873963,-0.0519122862234482,0.9645,1.885,1.0,0.0,Short shot
49.5862751574134,5000115.61627987,1165471.4660990348,-0.000327562779311,-0.0519122862234482,0.95875,1.8860000000000001,1.0,0.0,Normal
52.2921171281214,5001332.43427671,1506271.0801721115,0.0001758183407864,-0.0519123078203379,0.97375,1.943,1.0,0.0,Normal
5.10470261288097e-06,5000351.78842904,1169724.051994037,-0.0471548603676473,-0.0524931597132215,0.97025,1.8900000000000001,1.0,0.0,Short shot
51.745775465276,5000903.45773941,1189747.1102315765,0.0001377115090067,-0.0519006237766503,0.963,1.8900000000000001,1.0,0.0,Normal
52.341084097624,5001209.53222052,1495973.280360189,0.0001789055786245,-0.0519122862234482,0.9745,1.946,1.0,0.0,Normal
5.13251500283268e-06,5000353.45240899,1185148.2920283466,-0.0471548603676473,-0.0524929071954776,0.96375,1.8900000000000001,1.0,0.0,Short shot
46.0213449063273,5000134.93076206,1163429.574422526,-0.003795605105614,-0.0519122862234482,0.964,1.883,1.0,0.0,Normal
52.6309271266431,5000123.98458498,2246322.713302412,0.0002082729668809,-0.0519122862234482,0.96975,1.957,1.0,0.0,Sink mark - Velocity stalled during packing end
52.4167426399308,5000811.88145874,1635821.5538504035,0.0001840693415267,-0.0519122862840283,0.976,1.952,1.0,0.0,Sink mark - Velocity stalled during packing end
50.7041039699243,5000440.55892226,1170241.9554927277,6.30020726786455e-05,-0.0518989148649318,0.973,1.8920000000000001,1.0,0.0,Normal
45.5254014318012,5000143.42297153,1879894.4057843771,-0.0042785544212011,-0.0519142543376992,0.95125,1.883,1.0,0.0,Normal
5.05167741205076e-06,5000286.65146245,1167809.9317386574,-0.0471548603676473,-0.0525029613584043,0.9735,1.8940000000000001,1.0,0.0,Short shot
50.5172164806818,5000380.27362721,1363841.2864189267,5.10103885512557e-05,-0.0518898935173756,0.955,1.891,1.0,0.0,Normal
52.1062433186208,5000155.57202003,2224407.9512441866,0.0001594798969302,-0.0519122940366254,0.9555,1.9000000000000001,1.0,0.0,Normal
44.5811381585521,5000142.26382844,1339583.7011632677,-0.0051826341353794,-0.0518989294915145,0.95225,1.8840000000000001,1.0,0.0,Short shot
37.7139990018832,5000123.84534149,1168009.69034678,-0.0118463455261183,-0.0518931720114326,0.96225,1.8840000000000001,1.0,0.0,Short shot
32.3562252676848,5000150.92353855,1212814.4868595055,-0.0169980082171184,-0.0518456571761911,0.9515,1.881,1.0,0.0,Short shot
38.9003139585584,5000128.81391488,1744504.7136411152,-0.010712485105939,-0.0519122862234482,0.95225,1.8840000000000001,1.0,0.0,Short shot
52.2947265971695,5001308.75118189,1679718.9452961995,0.0001765995059483,-0.0519015465137046,0.9735,1.942,1.0,0.0,Normal
52.5832379070589,5000130.89726308,2434038.194183829,0.0002068613536797,-0.0519123010295524,0.97725,1.959,1.0,0.0,Sink mark - Velocity stalled during packing end
52.2986819017484,5001344.62587321,1684924.5004445566,0.0001754078381237,-0.0519256731146252,0.97375,1.943,1.0,0.0,Normal
36.6039461174389,5000119.00035793,1365794.6059534731,-0.0129219222254073,-0.0518911243346259,0.95225,1.8840000000000001,1.0,0.0,Short shot
23.3952738494293,5000297.06365582,2454953.087456937,-0.0257136051931568,-0.0518864763970701,0.9535,1.889,1.0,0.0,Short shot
52.6284534588153,5000120.50456337,2993517.709348397,0.0002089027942754,-0.0519130916882582,0.97925,1.967,1.0,0.0,Sink mark - Velocity stalled during packing end
49.255396411672,5000114.40666467,1161954.6547643829,-0.0006018123768695,-0.0518600788802046,0.96475,1.8860000000000001,1.0,0.0,Normal
49.974690714522,5000314.45729235,1276533.2915628306,8.88286554837924e-06,-0.0519122862234482,0.95525,1.8900000000000001,1.0,0.0,Normal
5.2262256853059e-06,5000349.39692036,1296067.6350687074,-0.0471548603676473,-0.0524963459946667,0.96075,1.891,1.0,0.0,Short shot
49.9226957071992,5000109.96329741,1472686.035944916,-1.43017341257798e-06,-0.0519122862234482,0.95175,1.885,1.0,0.0,Normal
49.7970048353936,5000115.0477647,1495584.8476322978,-0.0001215507212757,-0.0519121597359322,0.952,1.8860000000000001,1.0,0.0,Normal
52.4993494482951,5000410.10806274,2090569.29804421,0.0001904080618754,-0.0519122969499611,0.976,1.956,1.0,0.0,Sink mark - Velocity stalled during packing end
48.584703274061,5000143.60482851,2521980.2909459067,-0.0012939643041119,-0.0519122980561901,0.95175,1.885,1.0,0.0,Normal
5.13713464618991e-06,5000331.36230799,1190601.2191189686,-0.0471548603676473,-0.0524600066348034,0.96325,1.893,1.0,0.0,Short shot
5.17121784498117e-06,5000286.64950471,1234085.8967089478,-0.0471548603676473,-0.0524976133624059,0.9615,1.8940000000000001,1.0,0.0,Short shot
50.6429183967773,5000418.7689959,1270401.704002687,5.80803386991202e-05,-0.0519122862234482,0.961,1.8920000000000001,1.0,0.0,Normal
46.5537732634267,5000140.98083763,1732572.0779790832,-0.0032748571072246,-0.0519123454991945,0.95125,1.883,1.0,0.0,Normal
52.3904954736367,5000570.1543569,1767103.6345951264,0.0001878158137164,-0.0518327735447087,0.97625,1.956,1.0,0.0,Sink mark - Velocity stalled during packing end
50.8177587135404,5000132.89755171,1669329.306912785,6.48304904848973e-05,-0.0519122862234482,0.95625,1.903,1.0,0.0,Normal
43.8900043354497,5000143.28941985,1332300.1153266288,-0.0058529813273107,-0.0518974580245129,0.952,1.883,1.0,0.0,Short shot
48.6252278249783,5000116.09640935,1162113.684460566,-0.0012295208804262,-0.0518758442218808,0.96475,1.8860000000000001,1.0,0.0,Normal
50.3685768373104,5000132.00045326,1377049.7568495325,3.12176484502101e-05,-0.0519256029868191,0.95525,1.899,1.0,0.0,Normal
46.2023183197293,5000133.64118281,1274667.6629074458,-0.0036193902639183,-0.0519122862234482,0.952,1.883,1.0,0.0,Normal
49.2237710198074,5000122.49373165,1577319.623414876,-0.0006774297814825,-0.0519103817276428,0.94975,1.877,1.0,0.0,Normal
52.0055318393875,5001066.15710829,1259878.1023684817,0.0001561480801349,-0.0519122862234482,0.96075,1.891,1.0,0.0,Normal
47.9159914381803,5000144.21364519,2300901.456550401,-0.0019109297066451,-0.0518760413938169,0.95175,1.885,1.0,0.0,Normal
48.2642910456918,5000110.95154762,1231673.0097558962,-0.0016046372444367,-0.051899174449255,0.95275,1.885,1.0,0.0,Normal
49.0247490538522,5000115.6758654,1182195.3367291111,-0.0008741940022554,-0.0519122862234482,0.955,1.8860000000000001,1.0,0.0,Normal
35.8210276962694,5000114.45532832,1298744.4315192227,-0.0137002822694824,-0.0519123428201628,0.95225,1.8840000000000001,1.0,0.0,Short shot
52.1556647656994,5000157.30069351,2291894.7315529673,0.000163119730895,-0.0519122862234482,0.95525,1.899,1.0,0.0,Normal
49.0729130775894,5000256.9657354,1215700.0235273559,-0.000755949256141,-0.0518902998804765,0.95875,1.8880000000000001,1.0,0.0,Normal
52.3815242795947,5000132.90386348,1885841.4844730983,0.0001794594675596,-0.0519123326810544,0.9555,1.9000000000000001,1.0,0.0,Normal
52.3887699015097,5000929.93468164,1585951.4434733554,0.0001824500774919,-0.0519054645656396,0.97575,1.951,1.0,0.0,Sink mark - Velocity stalled during packing end
50.4948921662572,5000310.53710522,1408173.0791903662,4.77685346026113e-05,-0.0519122862234482,0.95375,1.893,1.0,0.0,Normal
5.08088388183037e-06,5000319.88196773,1168844.378965639,-0.0471548603676473,-0.0524966525270158,0.97325,1.893,1.0,0.0,Short shot
20.1130004391115,5000341.85604812,1670795.8585368837,-0.0289283402346453,-0.0519122862234482,0.95325,1.8880000000000001,1.0,0.0,Short shot
40.7089437105728,5000135.12330485,1279201.126272856,-0.0088864787701968,-0.0518371141465205,0.952,1.883,1.0,0.0,Short shot
5.30056768914816e-06,5000286.65061065,1387693.4115091104,-0.0471548603676473,-0.0525006343762151,0.9615,1.8940000000000001,1.0,0.0,Short shot
50.3831509806783,5000358.00154331,1295488.6355943868,4.35473176099861e-05,-0.0518644561443743,0.958,1.8920000000000001,1.0,0.0,Normal
41.1460634861762,5000136.5608589,1168980.2192764306,-0.0084262461842928,-0.0517986395060149,0.95825,1.8840000000000001,1.0,0.0,Short shot
46.0507414279262,5000131.39525118,1351626.243997382,-0.0037625479860342,-0.0519053052541498,0.95225,1.883,1.0,0.0,Normal
52.6172940481262,5000125.36730127,1974690.1113329965,0.0002080109085172,-0.0519122909754523,0.95675,1.905,1.0,0.0,Normal
38.855048583956,5000129.73250328,1595088.1349431893,-0.0107594313414547,-0.0519124439430682,0.9525,1.885,1.0,0.0,Short shot
52.2711045340395,5001223.10751902,1420148.0614700196,0.0001752427772283,-0.0518990452200921,0.97125,1.933,1.0,0.0,Normal
5.35351714775631e-06,5000340.6623729,1448137.4299165553,-0.0471548603676473,-0.0524948956103645,0.96075,1.891,1.0,0.0,Short shot
52.5732024890381,5000131.75219476,3065907.8910942,0.0002078206980217,-0.0518425414314952,0.9695,1.955,1.0,0.0,Sink mark - Velocity stalled during packing end
46.8369748652126,5000128.65023854,1175732.484768742,-0.0030161289311747,-0.0519259303569361,0.95575,1.883,1.0,0.0,Normal
52.2535163266377,5001146.69684047,1495989.0270589457,0.0001796733772774,-0.0518078102138041,0.97575,1.951,1.0,0.0,Sink mark - Velocity stalled during packing end
47.7959663453638,5000119.30260679,1162334.9824789104,-0.0020715559211354,-0.0519134472569189,0.96425,1.8840000000000001,1.0,0.0,Normal
50.7603070026897,5000453.86227315,1170461.9987585659,6.51158009252957e-05,-0.0519291974677484,0.97325,1.893,1.0,0.0,Normal
5.3592462221431e-06,5000349.50364445,1454674.3256642076,-0.0471548603676473,-0.05249069595784,0.96075,1.891,1.0,0.0,Short shot
47.0209148229604,5000127.31368604,1173223.2136642518,-0.0028234762016435,-0.0519122862234482,0.95625,1.883,1.0,0.0,Normal
51.5755776149243,5000683.2405326,1283716.2105987899,0.0001245157988965,-0.0519122862234482,0.961,1.8920000000000001,1.0,0.0,Normal
51.8908448203771,5001056.78886101,1225055.9814445432,0.0001485621389938,-0.0519004549927076,0.96075,1.891,1.0,0.0,Normal
45.6509984375495,5000136.72381621,1163659.8958351745,-0.0041461216491519,-0.051900890475463,0.964,1.883,1.0,0.0,Normal
5.3907145413701e-06,5000349.28372761,1495878.6512546581,-0.0471548603676473,-0.0524927754834354,0.96075,1.891,1.0,0.0,Short shot
49.3573836579451,5000302.56659916,1236257.604536092,-0.0004925562322576,-0.0519072280373948,0.95425,1.887,1.0,0.0,Normal
46.6086225832102,5000130.43742549,1338070.4612110157,-0.0032242787211358,-0.0519122862234482,0.953,1.883,1.0,0.0,Normal
34.6550012693846,5000111.03990128,1490887.7450092863,-0.0147705687247348,-0.0518439190935224,0.95225,1.8840000000000001,1.0,0.0,Short shot
52.5631075330397,5000124.14411533,1878291.296442559,0.0002082496967835,-0.0518451115079409,0.97,1.958,1.0,0.0,Sink mark - Velocity stalled during packing end
52.1621949061675,5001416.89570272,1334995.5193837313,0.0001678535061692,-0.0519122862234482,0.9665,1.9140000000000001,1.0,0.0,Normal
39.4853481993932,5000131.35345032,1216887.0748683042,-0.0101465154999144,-0.0519122871348881,0.95225,1.8840000000000001,1.0,0.0,Short shot
49.7281670633253,5000301.63593747,1169958.9776063892,-0.0001321349841719,-0.0519069474371196,0.97175,1.887,1.0,0.0,Normal
52.0716505021705,5001236.40274058,1285876.8074643675,0.0001612401678336,-0.0519122862234482,0.9605,1.8900000000000001,1.0,0.0,Normal
47.8613607223598,5000118.28652406,1204807.4928907454,-0.0020059721394098,-0.0519117001992908,0.9525,1.885,1.0,0.0,Normal
51.0008988128838,5000132.17314625,1369561.8134758032,7.97719757014319e-05,-0.0518881101837298,0.95575,1.901,1.0,0.0,Normal
50.7003884068548,5000129.06179039,1391758.8885147336,5.61501632188863e-05,-0.0519122862234482,0.9555,1.9000000000000001,1.0,0.0,Normal
49.9661117622626,5000129.86341544,1481740.8753764355,6.23146549654759e-06,-0.0518678564194831,0.95275,1.889,1.0,0.0,Normal
50.6198433363446,5000388.4612342,1248524.2693194377,5.57704702403516e-05,-0.0519217376988362,0.961,1.8920000000000001,1.0,0.0,Normal
49.6465957845431,5000140.55829518,2156023.4541225806,-0.0002634112495353,-0.0519121286191342,0.95175,1.885,1.0,0.0,Normal
52.6475431488373,5000123.15465498,2224182.61786445,0.0002084419185457,-0.0519123370025526,0.97,1.958,1.0,0.0,Sink mark - Velocity stalled during packing end
37.0704452943278,5000120.90147234,1741790.755018116,-0.0124874320661182,-0.0519122953599293,0.95225,1.8840000000000001,1.0,0.0,Short shot
52.6464801666412,5000121.91986953,2645098.97517304,0.0002086884262609,-0.0519122862234482,0.97,1.96,1.0,0.0,Sink mark - Velocity stalled during packing end
50.2864807389566,5000336.98823359,1236308.6922173395,3.0459025374956e-05,-0.0519122862234482,0.9605,1.8920000000000001,1.0,0.0,Normal
52.4239235591912,5000785.92353509,1683388.2508191613,0.0001844477133909,-0.0519123971907175,0.976,1.952,1.0,0.0,Sink mark - Velocity stalled during packing end
50.2914111231687,5000339.22501584,1169988.435060039,3.07747543764173e-05,-0.0519122862234482,0.97225,1.891,1.0,0.0,Normal
31.2363408438937,5000195.15060718,1256335.7661588383,-0.0181428236041818,-0.0519255265330168,0.955,1.895,1.0,0.0,Short shot
5.59141271046409e-06,5000318.17142924,1734642.3696148,-0.0471548603676473,-0.0524955280217052,0.96125,1.893,1.0,0.0,Short shot
49.9751132441894,5000131.48757698,1332036.8750028536,3.81164522138839e-06,-0.0519122862234482,0.95275,1.889,1.0,0.0,Normal
51.5416585853115,5000820.09153878,1569173.8676602053,0.0001270208818879,-0.0518438027743776,0.95325,1.891,1.0,0.0,Normal
48.9694246228341,5000300.85429961,1169886.1263996838,-0.0008746420395279,-0.0519122996867175,0.965,1.887,1.0,0.0,Normal
5.40028442932377e-06,5000338.46364278,1504263.5976586083,-0.0471548603676473,-0.0524888113049156,0.96075,1.891,1.0,0.0,Short shot
39.2045867535384,5000129.62483976,1687168.0360509073,-0.0104166989522364,-0.0519122862234482,0.95225,1.8840000000000001,1.0,0.0,Short shot
52.6398765154778,5000123.6537964,2141169.5973564065,0.0002083330576875,-0.0519122862234482,0.96975,1.957,1.0,0.0,Sink mark - Velocity stalled during packing end
48.3151796503805,5000130.70721515,1641633.2058640646,-0.0015621529332874,-0.0519122862234482,0.9515,1.8840000000000001,1.0,0.0,Normal
52.6164020640271,5000130.95653163,2158551.0697417883,0.0002076698596874,-0.0519122872992595,0.95825,1.911,1.0,0.0,Normal
6.54829155932322e-06,5000292.73658956,2880260.1189682665,-0.0471548603676473,-0.0524327712921134,0.96125,1.893,1.0,0.0,Short shot
72.1823027957937,5000112.21603609,3910481.057696852,-0.0252085553789858,-0.100109433577264,0.97675,1.907,0.9778022197780222,0.629,Overpacking / Flash
71.2847753654305,5000112.29729983,3910787.2128335186,-0.0260525272772908,-0.100106676085095,0.97675,1.907,0.9779022097790221,0.634,Overpacking / Flash
71.994429126318,5000111.23414338,3910752.390849738,-0.0253712137571703,-0.100106676085095,0.97675,1.907,0.9779022097790221,0.626,Overpacking / Flash
71.3365342952389,5000121.60008151,3911162.077738161,-0.025840566700944,-0.100111301470411,0.98025,1.921,0.9777022297770223,0.625,Overpacking / Flash
70.2222458852885,5000113.25319369,3910910.729012394,-0.027082012465933,-0.100106676712442,0.97675,1.907,0.9779022097790221,0.626,Overpacking / Flash
72.099266083588,5000114.89250463,3910301.945575207,-0.0252765819193317,-0.100106683746458,0.977,1.9080000000000001,0.9779022097790221,0.626,Overpacking / Flash
7.35620799052675e-06,5003371.35591706,3922324.9167486485,-0.0471548603676473,-0.100111575299258,0.97525,1.901,0.9778022197780222,0.625,Short shot
71.3180030385484,5000122.34662602,3911034.6590497857,-0.025856402468381,-0.100106679798867,0.9805,1.922,0.9779022097790221,0.626,Overpacking / Flash
71.6734195525736,5000114.85206223,3910415.2435080423,-0.025712429679811,-0.100111155848723,0.977,1.9080000000000001,0.9778022197780222,0.627,Overpacking / Flash
7.35397738088915e-06,5003364.94600131,3921132.603464263,-0.0471548603676473,-0.100110099502218,0.97725,1.909,0.9778022197780222,0.625,Short shot
7.35397738088915e-06,5003364.94600131,3921132.603464263,-0.0471548603676473,-0.100110099502218,0.97725,1.909,0.9778022197780222,0.625,Short shot
72.1245802419557,5000115.17243748,3910189.938993932,-0.0252488398650111,-0.100111623317672,0.977,1.9080000000000001,0.9778022197780222,0.625,Overpacking / Flash
59.1370151947842,5000129.53505793,3912072.9282137374,-0.0377642655282938,-0.100106676583849,0.97175,1.917,0.9779022097790221,0.627,Overpacking / Flash
72.1864094696071,5000111.33765215,3910645.5074579124,-0.0251896967308839,-0.100106677552482,0.97675,1.907,0.9785021497850215,0.621,Overpacking / Flash
23.5655772039107,5000112.53955624,3914009.1563174524,-0.0471548603676473,-0.100109702029583,0.97,1.9100000000000001,0.9778022197780222,0.629,Short shot
7.3596200079561e-06,5003305.65328849,3921027.7317733103,-0.0471548603676473,-0.100109079066882,0.9775,1.9100000000000001,0.9776022397760225,0.629,Short shot
7.35646121164896e-06,5003389.84645289,3923025.1010237546,-0.0471548603676473,-0.10011094597463,0.97525,1.901,0.9778022197780222,0.625,Short shot
64.160283436804,5000118.93854387,3911654.00685884,-0.0329296157199436,-0.100109829643064,0.9685,1.9040000000000001,0.9778022197780222,0.625,Overpacking / Flash
72.1815587920647,5000112.04621734,3910404.297103675,-0.0252122348250258,-0.100111353819823,0.97675,1.907,0.9778022197780222,0.627,Overpacking / Flash
59.5478493854382,5000128.91055539,3912114.976466857,-0.0373330026992146,-0.100106689743209,0.97175,1.917,0.9783021697830216,0.623,Overpacking / Flash
71.37547146702,5000119.88545854,3911460.007469987,-0.02580270328937,-0.100106676618321,0.98025,1.921,0.978002199780022,0.625,Overpacking / Flash
72.1534086434267,5000112.15514234,3910600.375048833,-0.025254423441317,-0.100106677792518,0.977,1.9080000000000001,0.9779022097790221,0.627,Overpacking / Flash
72.1235479951481,5000115.62058445,3910017.7031491017,-0.0252601857811161,-0.100110354434633,0.977,1.9080000000000001,0.9776022397760225,0.629,Overpacking / Flash
68.6178708782095,5000117.11605949,3910802.643700416,-0.0286407168945167,-0.100106676085095,0.96925,1.907,0.9776022397760225,0.626,Overpacking / Flash
61.9269247358516,5000134.46037058,3912292.5076964726,-0.035051024637631,-0.100109798130378,0.96325,1.883,0.9777022297770223,0.625,Overpacking / Flash
72.1799069786084,5000112.53990524,3910345.0302199195,-0.0251891577205643,-0.100109195148831,0.97675,1.907,0.9776022397760225,0.625,Overpacking / Flash
7.35618138863836e-06,5003355.68246989,3922613.842743063,-0.0471548603676473,-0.10010955382441,0.975,1.9000000000000001,0.978002199780022,0.625,Short shot
71.3630390457807,5000119.9313833,3911451.2479361803,-0.0258002533355775,-0.100106677055815,0.98025,1.921,0.9779022097790221,0.626,Overpacking / Flash
72.1729258879059,5000112.27049064,3910523.352741589,-0.0251972306017604,-0.100110152635454,0.977,1.9080000000000001,0.9778022197780222,0.625,Overpacking / Flash
71.3715299859253,5000119.63463464,3911503.884061245,-0.0257966632425907,-0.100106678733075,0.98025,1.921,0.978002199780022,0.626,Overpacking / Flash
67.2497303014482,5000116.09287628,3911239.708426485,-0.0299576794311128,-0.10011199912939,0.96875,1.905,0.9774022597740226,0.626,Overpacking / Flash
71.3652420465946,5000120.01542982,3911436.8832737673,-0.0258035068936601,-0.100106676085095,0.98025,1.921,0.9779022097790221,0.626,Overpacking / Flash
72.1404652681316,5000113.94809523,3910191.7286292994,-0.0252122105824896,-0.100106676085095,0.97675,1.907,0.9779022097790221,0.626,Overpacking / Flash
63.5404072116528,5000122.58889052,3911279.7160490034,-0.0335381339234586,-0.100109063947286,0.96875,1.905,0.9775022497750225,0.625,Overpacking / Flash
72.1809214393794,5000112.51468854,3910350.785867471,-0.0252080917733004,-0.100107429708276,0.97675,1.907,0.9778022197780222,0.629,Overpacking / Flash
64.1357629732616,5000121.89964319,3911222.211645054,-0.0329633668826978,-0.100106676085095,0.96875,1.905,0.9779022097790221,0.626,Overpacking / Flash
73.2391022584517,5000133.61641446,3912275.9265580024,-0.0240818865814117,-0.100106690747499,0.96375,1.885,0.9779022097790221,0.629,Overpacking / Flash
66.3268323313175,5000119.64919378,3910996.6825406225,-0.0308550775133861,-0.100106676085095,0.96875,1.905,0.978002199780022,0.626,Overpacking / Flash
58.2440465101405,5000129.87465474,3912163.3696270282,-0.0385953941966516,-0.100106679875664,0.97175,1.917,0.9776022397760225,0.626,Overpacking / Flash
40.1627689859836,5000129.26235238,3913325.1324339635,-0.0471548603676473,-0.100106676085095,0.963,1.8820000000000001,0.9778022197780222,0.626,Short shot
72.1688699123751,5000113.47200541,3910273.3366129934,-0.025206575561913,-0.100111244649836,0.97675,1.907,0.9778022197780222,0.625,Overpacking / Flash
71.3597737797755,5000120.79905698,3911301.9384644497,-0.0258296895569012,-0.100111370073373,0.98025,1.921,0.9776022397760225,0.584,Overpacking / Flash
7.36017113470683e-06,5003291.08444093,3921460.2421453944,-0.0471548603676473,-0.100110774891844,0.97725,1.909,0.9778022197780222,0.629,Short shot
63.9393470445315,5000119.30686521,3911664.6771867904,-0.0331475356613741,-0.100106676085095,0.9685,1.9040000000000001,0.978002199780022,0.625,Overpacking / Flash
76.2869030376324,5000132.7229747,3912292.8826048146,-0.0210996585790852,-0.100106764410251,0.964,1.8860000000000001,0.9779022097790221,0.629,Overpacking / Flash
72.1845821536959,5000112.51421143,3910351.221224165,-0.0252092990298867,-0.100111110446292,0.97675,1.907,0.9778022197780222,0.627,Overpacking / Flash
7.35686563341971e-06,5003371.05329882,3922866.2842479656,-0.0471548603676473,-0.100107360680584,0.975,1.9000000000000001,0.9778022197780222,0.626,Short shot
72.1733711329004,5000112.68725197,3910329.755932138,-0.0251976458491185,-0.100112031627408,0.977,1.9080000000000001,0.9775022497750225,0.562,Overpacking / Flash
67.3522768397176,5000115.4796738,3911292.7950873985,-0.029850315991524,-0.100110233016815,0.96875,1.905,0.9778022197780222,0.625,Overpacking / Flash
7.35901364339464e-06,5003294.39504397,3920692.7015923755,-0.0471548603676473,-0.100109702018783,0.978,1.9120000000000001,0.9778022197780222,0.629,Short shot
66.003412795516,5000117.01791062,3911419.4010572587,-0.0311533295306125,-0.1001066777364,0.96875,1.905,0.9779022097790221,0.626,Overpacking / Flash
65.7512275818775,5000117.40357627,3911433.9414899345,-0.0314077520313872,-0.100110019602396,0.96875,1.905,0.9776022397760225,0.5740000000000001,Overpacking / Flash
72.1729351503041,5000112.63468325,3910334.099678833,-0.0251884670784647,-0.100106676085095,0.97675,1.907,0.9779022097790221,0.626,Overpacking / Flash
68.4534850351821,5000115.91701226,3910985.210651684,-0.0287956715498359,-0.100110752356484,0.969,1.9060000000000001,0.9777022297770223,0.625,Overpacking / Flash
65.6082221195825,5000134.59415017,3912410.0165726957,-0.0314776850033112,-0.100106676085095,0.9635,1.8840000000000001,0.9789021097890211,0.616,Overpacking / Flash
69.5945707444099,5000113.9725775,3910964.210121373,-0.0276945724046311,-0.100110023626061,0.97225,1.907,0.9778022197780222,0.625,Overpacking / Flash
80.0033743483144,5000102.86659097,3912176.2598332115,-0.0175081756244864,-0.100106680045734,0.964,1.8860000000000001,0.9777022297770223,0.579,Overpacking / Flash
7.35976456630093e-06,5003284.23831154,3920743.6322343517,-0.0471548603676473,-0.100106677717703,0.978,1.9120000000000001,0.9779022097790221,0.629,Short shot
71.3696362524782,5000119.61047387,3911507.4494413827,-0.0257929296223237,-0.100106676085095,0.98025,1.921,0.9778022197780222,0.626,Overpacking / Flash
72.1956355603057,5000111.99635187,3910409.0498657594,-0.0251716567620643,-0.100106676085095,0.97675,1.907,0.9779022097790221,0.631,Overpacking / Flash
63.5038929373336,5000119.70692657,3911736.745876746,-0.0335599903996335,-0.100106676149408,0.9685,1.9040000000000001,0.9779022097790221,0.626,Overpacking / Flash
72.1624784942727,5000113.52645422,3910238.592921995,-0.0252115486255907,-0.100106677284631,0.97675,1.907,0.9783021697830216,0.622,Overpacking / Flash
67.2865933193287,5000115.73191524,3911277.1753911353,-0.0299207995892871,-0.10010941875231,0.96875,1.905,0.9776022397760225,0.625,Overpacking / Flash
71.3641738737916,5000119.78111564,3911477.916932709,-0.0257987261607221,-0.100106676085095,0.98025,1.921,0.9777022297770223,0.626,Overpacking / Flash
68.3171772324357,5000114.8574948,3911146.244913968,-0.0289202097846607,-0.100109981021612,0.969,1.9060000000000001,0.9778022197780222,0.625,Overpacking / Flash
7.35621298534575e-06,5003401.36736558,3923487.4348218003,-0.0471548603676473,-0.100106676085095,0.9755,1.9020000000000001,0.9779022097790221,0.633,Short shot
68.5385918108883,5000114.50780722,3911138.876203114,-0.0287093077125547,-0.100106694327701,0.969,1.9060000000000001,0.9779022097790221,0.626,Overpacking / Flash
76.7312285885951,5000133.69080009,3911824.0377929294,-0.0206898924491743,-0.100109476037979,0.96375,1.885,0.9777022297770223,0.625,Overpacking / Flash
63.9346290552627,5000119.55113984,3911627.06103131,-0.033143570976065,-0.100106679360459,0.9685,1.9040000000000001,0.9779022097790221,0.629,Overpacking / Flash
66.8731930549104,5000116.52169275,3911274.1570751676,-0.030328327160362,-0.100106676085095,0.96875,1.905,0.9777022297770223,0.586,Overpacking / Flash
58.6284187616365,5000131.44443489,3911704.1025745133,-0.0382370378858488,-0.100106691632308,0.97175,1.917,0.9781021897810219,0.625,Overpacking / Flash
72.1673391907271,5000112.53346746,3910344.635068219,-0.0251837422342078,-0.100106676085095,0.97675,1.907,0.9779022097790221,0.626,Overpacking / Flash
72.1245669429582,5000115.17313684,3910189.9676954793,-0.0252495007250151,-0.100109321292579,0.977,1.9080000000000001,0.9777022297770223,0.625,Overpacking / Flash
72.1831888578677,5000112.00348041,3910402.7070246926,-0.0251739887418973,-0.100106676085095,0.97675,1.907,0.9779022097790221,0.626,Overpacking / Flash
68.3176632955904,5000114.82546733,3911149.680066791,-0.0289173527793868,-0.100109390193802,0.969,1.9060000000000001,0.9778022197780222,0.633,Overpacking / Flash
71.0378657911883,5000112.35059407,3910838.164781769,-0.0263040742638345,-0.100112129175509,0.97675,1.907,0.9777022297770223,0.588,Overpacking / Flash
72.1339708410604,5000133.55730152,3912399.686818367,-0.025160902127744,-0.100112898879322,0.96375,1.885,0.9778022197780222,0.627,Overpacking / Flash
72.1737846683382,5000112.35382326,3910497.9617567435,-0.0252074718200936,-0.100106676085095,0.977,1.9080000000000001,0.9777022297770223,0.591,Overpacking / Flash
79.3111505316711,5000115.7482316,3912099.3378092754,-0.0181732930248745,-0.100110228508477,0.964,1.8860000000000001,0.9778022197780222,0.625,Overpacking / Flash
72.1663301118883,5000112.59004032,3910338.5719919624,-0.0251853478533233,-0.100110909833502,0.97675,1.907,0.9778022197780222,0.625,Overpacking / Flash
7.35615936312782e-06,5003391.69731285,3919326.715198558,-0.0471548603676473,-0.100106676085095,0.97875,1.915,0.9779022097790221,0.626,Short shot
72.1933569547261,5000112.15082411,3910395.2637579194,-0.0252217215497861,-0.100107418561913,0.97675,1.907,0.9778022197780222,0.627,Overpacking / Flash
72.1733475879171,5000112.90006166,3910306.138760674,-0.025197108369137,-0.100110002711307,0.977,1.9080000000000001,0.978002199780022,0.625,Overpacking / Flash
72.1187817526085,5000114.94622842,3910274.789893263,-0.0252563277786503,-0.100109732700692,0.977,1.9080000000000001,0.9778022197780222,0.625,Overpacking / Flash
65.156971329065,5000118.03136828,3911502.85133298,-0.031967872667662,-0.100106676085095,0.9685,1.9040000000000001,0.9779022097790221,0.626,Overpacking / Flash
69.0967132306173,5000114.27779557,3911038.661780131,-0.0281717035358722,-0.100106677000288,0.969,1.9060000000000001,0.9779022097790221,0.626,Overpacking / Flash
71.3700794325921,5000119.611199,3911507.485060952,-0.0257937084242692,-0.100106679147068,0.98025,1.921,0.9776022397760225,0.626,Overpacking / Flash
72.1488187855295,5000113.9428891,3910193.41150466,-0.0252190953131606,-0.100110176479916,0.97675,1.907,0.9781021897810219,0.624,Overpacking / Flash
71.3246420702081,5000121.81974417,3911124.386665929,-0.0258446691500985,-0.100110166795467,0.9805,1.922,0.9777022297770223,0.625,Overpacking / Flash
72.0493127602699,5000111.890883,3910666.976240969,-0.0253437449544674,-0.100111603696478,0.97675,1.907,0.9778022197780222,0.627,Overpacking / Flash
63.6889131214162,5000121.23378982,3911444.6899643145,-0.0334001229577292,-0.100106676085095,0.9685,1.9040000000000001,0.9777022297770223,0.586,Overpacking / Flash
72.1536067509098,5000112.7736011,3910513.842844309,-0.0252221161414339,-0.100106676085095,0.97675,1.907,0.9775022497750225,0.626,Overpacking / Flash
22.0117191147391,5000108.55013465,3914038.1197096445,-0.0471548603676473,-0.100109131132464,0.96975,1.909,0.9776022397760225,0.584,Short shot
69.5765914559219,5000116.86978943,3910624.644158499,-0.0277188098701167,-0.100107209300459,0.97275,1.9080000000000001,0.978002199780022,0.626,Overpacking / Flash
86.0606974632155,4999996.62659307,3911878.5577154285,-0.0116486355498586,-0.100106678994326,0.97175,1.917,0.9779022097790221,0.627,Overpacking / Flash
71.3768683792595,5000119.6322005,3911508.5169267664,-0.0258162686661422,-0.100106676085095,0.98025,1.921,0.9779022097790221,0.627,Overpacking / Flash
72.1563609915267,5000113.90413447,3910197.5807962846,-0.0252165245771221,-0.100111368895663,0.97675,1.907,0.978002199780022,0.625,Overpacking / Flash
67.7336801080943,5000118.40576118,3910840.0320914015,-0.0294903511841977,-0.100106676085095,0.96875,1.905,0.9779022097790221,0.626,Overpacking / Flash
71.347575302732,5000120.41012112,3911367.329427122,-0.0258082277542003,-0.100106676085095,0.9805,1.922,0.9779022097790221,0.626,Overpacking / Flash
71.6064294754095,5000134.33770547,3912130.0142591167,-0.0256616085795045,-0.100109010724612,0.96375,1.885,0.979002099790021,0.603,Overpacking / Flash
71.3759942601656,5000120.22222456,3911403.9652502933,-0.0258224337333748,-0.100110898036445,0.9805,1.922,0.9777022297770223,0.629,Overpacking / Flash
67.5953822510813,5000117.49131297,3910983.680872958,-0.029626323158413,-0.100106676085095,0.9685,1.9040000000000001,0.9776022397760225,0.626,Overpacking / Flash
84.481358413236,5000097.11322589,3911649.6814930285,-0.0131929358503609,-0.100106678618898,0.96525,1.891,0.9779022097790221,0.627,Overpacking / Flash
71.32469931169,5000122.2795835,3911052.7681327276,-0.0258881675590037,-0.100106676085095,0.9805,1.922,0.9779022097790221,0.627,Overpacking / Flash
72.1807603763653,5000112.00896062,3910402.9108821377,-0.025178892299115,-0.100109846581495,0.97675,1.907,0.9776022397760225,0.625,Overpacking / Flash
71.3885940256523,5000119.62912737,3911508.3659051247,-0.0258129669239666,-0.100106676085095,0.98025,1.921,0.9779022097790221,0.629,Overpacking / Flash
71.3613052118701,5000120.07822586,3911425.654970341,-0.0258035010938967,-0.100109441248294,0.98025,1.921,0.9778022197780222,0.625,Overpacking / Flash
72.1323560283669,5000115.39713517,3910041.317135993,-0.0252575621301747,-0.100111363442389,0.977,1.9080000000000001,0.9776022397760225,0.629,Overpacking / Flash
80.4476778336759,5000099.10906877,3911705.9460438527,-0.0170821630776737,-0.100106676085095,0.964,1.8860000000000001,0.9777022297770223,0.626,Overpacking / Flash
71.357968576978,5000120.24630699,3911395.559125985,-0.0258028637935876,-0.100106677983252,0.9805,1.922,0.9779022097790221,0.63,Overpacking / Flash
71.3608549465408,5000119.92743538,3911453.051989978,-0.0258054197581182,-0.100111210728473,0.98025,1.921,0.9781021897810219,0.623,Overpacking / Flash
69.6687695308485,5000113.20874821,3911039.4490295774,-0.0276162080449117,-0.100109236418438,0.97275,1.907,0.9778022197780222,0.625,Overpacking / Flash
72.1891664436519,5000111.48904629,3910598.452570805,-0.0251974572930561,-0.100106676085095,0.97675,1.907,0.9777022297770223,0.629,Overpacking / Flash
71.3719706003337,5000119.76973101,3911478.2456085766,-0.0257906499397372,-0.100106676085095,0.98025,1.921,0.9779022097790221,0.629,Overpacking / Flash
71.3425429226232,5000120.66434529,3911322.591776823,-0.025813040428023,-0.100106676085095,0.98025,1.921,0.9779022097790221,0.63,Overpacking / Flash
66.9051071803831,5000116.44271726,3911274.8818322765,-0.0302866841482247,-0.10011015101586,0.96875,1.905,0.9778022197780222,0.625,Overpacking / Flash
71.3216051737113,5000121.7301808,3911140.478747653,-0.0258465933047422,-0.100110526892495,0.9805,1.922,0.978002199780022,0.625,Overpacking / Flash
71.369259050901,5000119.60913341,3911507.3835977498,-0.0257914899847626,-0.100110044034748,0.98025,1.921,0.9778022197780222,0.625,Overpacking / Flash
71.3192354444373,5000121.89596098,3911110.534969861,-0.0258421854124936,-0.100106676085095,0.9805,1.922,0.9779022097790221,0.626,Overpacking / Flash
71.3683309947828,5000119.6105968,3911507.4554802924,-0.0257930616560202,-0.100106676085095,0.98025,1.921,0.9778022197780222,0.626,Overpacking / Flash
52.6859143423895,5000133.50517645,1316237.3363127206,-0.0438583357182287,-0.100111156607531,0.97625,1.905,0.9778022197780222,0.627,Jetting - High flow surge
47.3991945156691,5000134.40592208,1315163.5181808837,-0.0471548603676473,-0.100107084983508,0.96925,1.9040000000000001,0.9779022097790221,0.627,Jetting - High flow surge
52.0040577568608,5000134.03167614,1315147.7090048438,-0.0446691005658677,-0.100110745870611,0.97625,1.905,0.9778022197780222,0.627,Jetting - High flow surge
49.1670209985799,5000133.30095155,1315465.4463317143,-0.0471548603676473,-0.100110311845302,0.9695,1.905,0.9778022197780222,0.628,Jetting - High flow surge
52.6916471813764,5000133.37455501,1316281.576107392,-0.0438523116024444,-0.100112922743504,0.97625,1.905,0.9779022097790221,0.626,Jetting - High flow surge
51.4701970478238,5000132.76693687,1315505.6322677152,-0.0451862555389437,-0.100105959459366,0.97625,1.905,0.9779022097790221,0.627,Jetting - High flow surge
52.7333685161839,5000133.30350672,1315944.2313941089,-0.0438496366524607,-0.100105999724252,0.97625,1.905,0.9779022097790221,0.627,Jetting - High flow surge
40.010893438659,5000131.75242318,1315682.9046248628,-0.0471548603676473,-0.100105974592011,0.9655,1.889,0.9779022097790221,0.627,Short shot
52.7066246363422,5000134.24746977,1315584.924789725,-0.0438953904945843,-0.100105964344278,0.97625,1.905,0.9779022097790221,0.627,Jetting - High flow surge
52.7012848885431,5000133.4528625,1316160.1780052858,-0.043855906202574,-0.100111413630749,0.97625,1.905,0.9778022197780222,0.627,Jetting - High flow surge
5.09069775478313e-06,5036623.62328255,1332155.9276732244,-0.0471548603676473,-0.100106169059534,0.973,1.8920000000000001,0.9779022097790221,0.627,Short shot
46.669564672338,5000133.88660718,1315442.1928805972,-0.0471548603676473,-0.100106211497546,0.96925,1.9040000000000001,0.9779022097790221,0.627,Jetting - High flow surge
52.7627852912004,5000133.16286987,1315901.0556493895,-0.0438431448054916,-0.100106578281768,0.97625,1.905,0.9779022097790221,0.627,Jetting - High flow surge
52.8094560039749,5000132.86354026,1315705.0995887187,-0.0438312373810879,-0.100106006512651,0.97625,1.905,0.9779022097790221,0.627,Jetting - High flow surge
44.6874652223461,5000133.88241612,1315532.270903197,-0.0471548603676473,-0.100106092449605,0.969,1.903,0.9779022097790221,0.627,Short shot
52.7447537837253,5000133.23896453,1315906.123802715,-0.0438468089319192,-0.100106152071969,0.97625,1.905,0.9779022097790221,0.627,Jetting - High flow surge
5.09688348681017e-06,5036623.62296411,1332395.0086189685,-0.0471548603676473,-0.100108100605919,0.973,1.8920000000000001,0.9777022297770223,0.627,Short shot
52.7193285266836,5000133.1283557,1316202.3877963398,-0.0438412932641006,-0.100108225276426,0.97625,1.905,0.9778022197780222,0.627,Jetting - High flow surge
51.0980063391784,5000132.85975452,1315491.6288860282,-0.0455530509352366,-0.100106131550998,0.97275,1.905,0.9779022097790221,0.627,Jetting - High flow surge
51.3524233312838,5000133.01062439,1315443.392178104,-0.0453036315865235,-0.100106138983636,0.97575,1.905,0.9779022097790221,0.627,Jetting - High flow surge
52.7965418572171,5000132.83215,1315818.9517207725,-0.0438293614803192,-0.100112235704689,0.97625,1.905,0.9777022297770223,0.627,Jetting - High flow surge
50.8931266779355,5000134.10104947,1315143.8334401953,-0.0457627088712294,-0.100105975426637,0.97075,1.9040000000000001,0.9779022097790221,0.627,Jetting - High flow surge
5.0901972979177e-06,5036623.62329205,1332354.7223782723,-0.0471548603676473,-0.100109221257206,0.973,1.8920000000000001,0.9778022197780222,0.627,Short shot
52.7103645081812,5000133.16388761,1316273.7393985284,-0.0438427170428469,-0.100108011606745,0.97625,1.905,0.9777022297770223,0.627,Jetting - High flow surge
52.7476705371972,5000133.12141141,1315941.5484602642,-0.043841606090049,-0.100106104545974,0.97625,1.905,0.9779022097790221,0.627,Jetting - High flow surge
52.6941297973032,5000133.33941681,1316293.3723884537,-0.0438505961301296,-0.100107639211324,0.97625,1.905,0.9778022197780222,0.627,Jetting - High flow surge
52.7452181342745,5000133.09207883,1315971.9375250414,-0.0438402814224665,-0.100105329634644,0.97625,1.905,0.9779022097790221,0.627,Jetting - High flow surge
5.08894683564863e-06,5036623.62329194,1331283.8201798317,-0.0471548603676473,-0.100106200959574,0.97325,1.893,0.9779022097790221,0.627,Short shot
49.8396049484797,5000133.35107824,1315411.0582500703,-0.0467930821319746,-0.100105939425181,0.9695,1.905,0.9779022097790221,0.627,Jetting - High flow surge
50.2776643426908,5000133.27611394,1315409.902625795,-0.0463622163807854,-0.100106837115649,0.9695,1.905,0.9779022097790221,0.627,Jetting - High flow surge
5.09314950184654e-06,5036623.62312631,1332057.7826656522,-0.0471548603676473,-0.100110269684238,0.973,1.8920000000000001,0.9778022197780222,0.627,Short shot
52.7565808064283,5000132.89402044,1316009.5917892954,-0.0438316327222534,-0.100106127450834,0.97625,1.905,0.9779022097790221,0.627,Jetting - High flow surge
52.7594875442788,5000132.89398427,1316009.5877885858,-0.0438315459256128,-0.100109787932959,0.97625,1.905,0.9778022197780222,0.627,Jetting - High flow surge
52.7421113926128,5000133.06799516,1316016.2046152414,-0.0438391090067711,-0.100109932919221,0.97625,1.905,0.9778022197780222,0.627,Jetting - High flow surge
52.7113081440791,5000134.24742742,1315584.9183337528,-0.0438952527083152,-0.100105321860966,0.97625,1.905,0.9779022097790221,0.627,Jetting - High flow surge
50.615911722496,5000132.97566198,1315478.668908112,-0.0460278829028111,-0.100106010450113,0.9695,1.905,0.9779022097790221,0.627,Jetting - High flow surge
48.7912107559164,5000133.42211696,1315453.5120167313,-0.0471548603676473,-0.100107781050393,0.9695,1.905,0.9778022197780222,0.627,Jetting - High flow surge
52.6947913794988,5000133.27656853,1316314.4321225146,-0.0438477885727481,-0.100106082978027,0.97625,1.905,0.9779022097790221,0.627,Jetting - High flow surge
52.7000356723292,5000133.20286411,1316338.9860417258,-0.0438443901430379,-0.100109618146577,0.97625,1.905,0.9778022197780222,0.627,Jetting - High flow surge
52.7153001850048,5000133.34958468,1316088.1786469496,-0.0438513517082907,-0.100106060351834,0.97625,1.905,0.9779022097790221,0.627,Jetting - High flow surge
52.8308920225815,5000132.80307776,1315554.0889197218,-0.0438354248320283,-0.100109722255732,0.97625,1.905,0.9778022197780222,0.627,Jetting - High flow surge
52.6919927897055,5000133.39639729,1316274.1956749454,-0.0438532139903703,-0.100106076462436,0.97625,1.905,0.9779022097790221,0.627,Jetting - High flow surge
47.6149232900769,5000133.82158794,1315405.6436838466,-0.0471548603676473,-0.10010849965786,0.96925,1.9040000000000001,0.9778022197780222,0.628,Jetting - High flow surge
5.09016593507746e-06,5036623.62329104,1332055.425319021,-0.0471548603676473,-0.10011103774833,0.973,1.8920000000000001,0.9778022197780222,0.627,Short shot
5.09067019194068e-06,5036623.62324014,1332633.0924446676,-0.0471548603676473,-0.100106074482379,0.97275,1.891,0.9779022097790221,0.627,Short shot
5.09134348108128e-06,5036623.62324914,1332132.1037731203,-0.0471548603676473,-0.100108835367861,0.973,1.8920000000000001,0.9778022197780222,0.628,Short shot
51.0232929629032,5000133.10328448,1315427.7656956355,-0.0456280280622792,-0.100109345877383,0.972,1.905,0.9778022197780222,0.627,Jetting - High flow surge
5.0919485316945e-06,5036623.6231599,1332316.945821991,-0.0471548603676473,-0.10010597668502,0.973,1.8920000000000001,0.9779022097790221,0.627,Short shot
49.8589015962049,5000133.40822679,1315393.5173906211,-0.0467744902094828,-0.100108941706947,0.9695,1.905,0.9778022197780222,0.627,Jetting - High flow surge
5.08972924017495e-06,5036623.6232683,1332212.902844963,-0.0471548603676473,-0.100106132535272,0.973,1.8920000000000001,0.9779022097790221,0.627,Short shot
43.7987227659969,5000132.41018841,1315499.179368367,-0.0471548603676473,-0.100106223187288,0.96575,1.8900000000000001,0.9779022097790221,0.627,Short shot
49.4966275372217,5000133.23045008,1315465.5727490766,-0.0471292059728703,-0.100105930754301,0.9695,1.905,0.9779022097790221,0.627,Jetting - High flow surge
52.7121911015317,5000134.24741809,1315584.9169105156,-0.043895222332968,-0.100110821874037,0.97625,1.905,0.9778022197780222,0.627,Jetting - High flow surge
52.6960288773404,5000133.2356131,1316328.0996117895,-0.0438459463246926,-0.100110050399996,0.97625,1.905,0.9778022197780222,0.627,Jetting - High flow surge
5.09348059544205e-06,5036623.62318637,1332648.2903295252,-0.0471548603676473,-0.100106811016362,0.97275,1.891,0.9779022097790221,0.627,Short shot
51.8071740330005,5000134.06743424,1315138.0926342462,-0.044863217301569,-0.100105317342716,0.976,1.9040000000000001,0.9779022097790221,0.627,Jetting - High flow surge
52.7782519318346,5000133.9879339,1315294.227153209,-0.043884148909114,-0.100106177045372,0.97625,1.905,0.9779022097790221,0.627,Jetting - High flow surge
27.8931621527037,5000115.67277369,1315876.1592917505,-0.0471548603676473,-0.1001059834079,0.9645,1.885,0.9779022097790221,0.627,Short shot
44.7465919220568,5000133.98382664,1315485.1912549455,-0.0471548603676473,-0.100106090513094,0.969,1.903,0.9779022097790221,0.627,Short shot
49.4051158466796,5000134.24275274,1315157.4262850995,-0.0471548603676473,-0.10010619672925,0.96925,1.9040000000000001,0.9779022097790221,0.627,Jetting - High flow surge
52.7011306072816,5000133.18074787,1316346.3344060997,-0.0438433891167246,-0.100112159048848,0.97625,1.905,0.9777022297770223,0.627,Jetting - High flow surge
34.8111805189486,5000128.70112072,1315883.500446775,-0.0471548603676473,-0.100106207933282,0.9655,1.889,0.9779022097790221,0.627,Short shot
52.8130356289303,5000132.66407208,1315786.9170938372,-0.0438225937657341,-0.100106025700195,0.97625,1.905,0.9779022097790221,0.627,Jetting - High flow surge
52.6958191523629,5000133.18081474,1316346.3423105562,-0.043843557259125,-0.100106415358911,0.97625,1.905,0.9779022097790221,0.627,Jetting - High flow surge
52.7577450919187,5000133.14934405,1315933.0956958379,-0.0438425193659964,-0.100108745500271,0.97625,1.905,0.9778022197780222,0.628,Jetting - High flow surge
52.7628711107139,5000133.01016376,1315974.8459730581,-0.0438363818530217,-0.100108515237687,0.97625,1.905,0.9778022197780222,0.628,Jetting - High flow surge
52.6618432218202,5000134.042409,1316048.5630245479,-0.0438844060524411,-0.100106226267654,0.97625,1.905,0.9779022097790221,0.627,Jetting - High flow surge
43.9065206752788,5000133.26576821,1315545.7980271992,-0.0471548603676473,-0.100106084846559,0.969,1.903,0.9779022097790221,0.627,Short shot
52.6557883089194,5000134.44470726,1315864.5151778182,-0.0439053751600302,-0.100106131550998,0.97625,1.905,0.9779022097790221,0.627,Jetting - High flow surge
43.9235439168156,5000132.85382247,1315556.828052204,-0.0471548603676473,-0.100106098487813,0.96875,1.9020000000000001,0.9779022097790221,0.627,Short shot
52.7050160523792,5000133.1683595,1316330.4680483264,-0.0438428153067457,-0.100112762058879,0.97625,1.905,0.9778022197780222,0.627,Jetting - High flow surge
50.9008435375013,5000132.90772847,1315485.6885959208,-0.0457472803661381,-0.100109624256345,0.9705,1.905,0.9778022197780222,0.627,Jetting - High flow surge
5.0865469624364e-06,5036623.62314066,1332355.4007582485,-0.0471548603676473,-0.100108105229193,0.973,1.8920000000000001,0.9777022297770223,0.627,Short shot
5.09195736435214e-06,5036623.62309038,1332648.2903477,-0.0471548603676473,-0.100109748472529,0.97275,1.891,0.9778022197780222,0.627,Short shot
52.745141076601,5000134.12732612,1315439.6011823742,-0.0438894920857019,-0.100106107299372,0.97625,1.905,0.9779022097790221,0.627,Jetting - High flow surge
5.08803453180133e-06,5036623.62324403,1330381.9552920454,-0.0471548603676473,-0.100106078282335,0.973,1.8920000000000001,0.9779022097790221,0.627,Short shot
5.09471236873828e-06,5036623.62311392,1332596.0689130216,-0.0471548603676473,-0.100105942521411,0.97275,1.891,0.9779022097790221,0.627,Short shot
5.09208855029901e-06,5036623.62318332,1331832.8096347465,-0.0471548603676473,-0.100108857424825,0.97325,1.893,0.9778022197780222,0.628,Short shot
26.5258342661808,5000115.96572421,1316162.070553961,-0.0471548603676473,-0.100106668956417,0.96425,1.8840000000000001,0.9779022097790221,0.627,Short shot
46.6792782442475,5000133.71400991,1315504.4326578516,-0.0471548603676473,-0.100110228354428,0.96925,1.9040000000000001,0.9778022197780222,0.627,Jetting - High flow surge
50.2808212920614,5000133.20057886,1315431.1382880996,-0.0463586382049055,-0.100111383612657,0.9695,1.905,0.9778022197780222,0.627,Jetting - High flow surge
47.2906520110681,5000133.74868505,1315452.2422382704,-0.0471548603676473,-0.10010666271058,0.96925,1.9040000000000001,0.9779022097790221,0.627,Jetting - High flow surge
49.1663876457398,5000133.31544296,1315461.2235444596,-0.0471548603676473,-0.100109697124376,0.9695,1.905,0.9778022197780222,0.627,Jetting - High flow surge
52.7927010971156,5000132.77059917,1315884.8167902099,-0.0438265250223742,-0.100108003664914,0.97625,1.905,0.9777022297770223,0.627,Jetting - High flow surge
49.9067078718784,5000133.30779651,1315419.8560602732,-0.0467268914714227,-0.100110883946964,0.9695,1.905,0.9778022197780222,0.627,Jetting - High flow surge
51.7753816631217,5000132.71865876,1315512.1818281033,-0.0448855174612823,-0.100108106892811,0.97625,1.905,0.9777022297770223,0.627,Jetting - High flow surge
52.6812894711479,5000134.33435708,1315701.8495146446,-0.0438997807609515,-0.100108214945668,0.97625,1.905,0.9778022197780222,0.627,Jetting - High flow surge
52.7436914060598,5000134.00074827,1315529.4880403609,-0.0438828953542268,-0.100106030738672,0.97625,1.905,0.9779022097790221,0.627,Jetting - High flow surge
5.09429065905504e-06,5036623.62314262,1332648.2903378045,-0.0471548603676473,-0.100105960869223,0.97275,1.891,0.9779022097790221,0.627,Short shot
5.09310582696771e-06,5036623.6231599,1332161.205940531,-0.0471548603676473,-0.10010597419609,0.973,1.8920000000000001,0.9779022097790221,0.627,Short shot
52.7032242769103,5000133.42416631,1316160.5404735957,-0.0438545934598619,-0.100108883078699,0.97625,1.905,0.9778022197780222,0.628,Jetting - High flow surge
50.2193714524707,5000133.11033378,1315459.6915035907,-0.0464184766998444,-0.100106175062635,0.9695,1.905,0.9779022097790221,0.627,Jetting - High flow surge
37.4915893668677,5000130.70269811,1315795.5787912083,-0.0471548603676473,-0.100109061249241,0.9655,1.889,0.9778022197780222,0.627,Short shot
52.7358651513983,5000133.08403691,1316065.242864673,-0.043839673175526,-0.100106229141733,0.97625,1.905,0.9779022097790221,0.627,Jetting - High flow surge
5.09162025665696e-06,5036623.62326554,1332469.8978072281,-0.0471548603676473,-0.100110171496884,0.973,1.8920000000000001,0.9778022197780222,0.627,Short shot
52.8100530165325,5000132.81584228,1315506.4091039328,-0.0438632214986986,-0.10010597242397,0.97625,1.905,0.9779022097790221,0.627,Jetting - High flow surge
50.5720616799739,5000132.98596287,1315477.7362043406,-0.0460710558585805,-0.100111254291694,0.9695,1.905,0.9778022197780222,0.627,Jetting - High flow surge
51.9656495427424,5000133.39794927,1315326.8322708006,-0.0447023237940812,-0.100106043720401,0.97625,1.905,0.9779022097790221,0.627,Jetting - High flow surge
52.7954689491933,5000132.77832979,1315858.0920950442,-0.0438269525698028,-0.100106178131996,0.97625,1.905,0.9779022097790221,0.627,Jetting - High flow surge
52.773537754274,5000133.02071368,1315895.7967082597,-0.0438370212376212,-0.100110992389094,0.97625,1.905,0.9778022197780222,0.627,Jetting - High flow surge
5.09165804191873e-06,5036623.62326074,1332437.0888993714,-0.0471548603676473,-0.10010994990911,0.973,1.8920000000000001,0.9778022197780222,0.627,Short shot
50.3527557400645,5000133.03735512,1315473.6314612443,-0.0462869481859951,-0.100111664293197,0.9695,1.905,0.9778022197780222,0.628,Jetting - High flow surge
44.3400755225161,5000133.64490636,1315583.7325989932,-0.0471548603676473,-0.100106051165083,0.969,1.903,0.9779022097790221,0.627,Short shot
52.8066589367686,5000132.69736233,1315816.5151120648,-0.0438238045225338,-0.100106043462428,0.97625,1.905,0.9779022097790221,0.627,Jetting - High flow surge
52.7547965531335,5000133.11775304,1315942.6124391977,-0.0438412379409966,-0.10011104122427,0.97625,1.905,0.9778022197780222,0.627,Jetting - High flow surge
45.9841488733929,5000133.93048976,1315451.3788279088,-0.0471548603676473,-0.10010595428356,0.969,1.903,0.9779022097790221,0.627,Jetting - High flow surge
52.723502252186,5000133.15154602,1316142.6689852083,-0.0438424386925819,-0.100109289518861,0.97625,1.905,0.9778022197780222,0.628,Jetting - High flow surge
52.7293891055525,5000133.17111996,1316070.1752152583,-0.0438434598144474,-0.10010863985196,0.97625,1.905,0.9778022197780222,0.628,Jetting - High flow surge
52.2335307089506,5000132.62529206,1315532.397410246,-0.0444336539032119,-0.1001061055517,0.976,1.9040000000000001,0.9779022097790221,0.627,Jetting - High flow surge
52.7763715230804,5000132.85706975,1315971.0610553822,-0.0438298187297852,-0.100107212909177,0.97625,1.905,0.9778022197780222,0.627,Jetting - High flow surge
51.6174234259492,5000132.88544997,1315470.9166988789,-0.04504203445676,-0.10010600713751,0.97625,1.905,0.9779022097790221,0.627,Jetting - High flow surge
52.6955414589926,5000133.18081767,1316346.3426567847,-0.0438435646240499,-0.100110265972969,0.97625,1.905,0.9778022197780222,0.627,Jetting - High flow surge
52.8422792834646,5000132.47341166,1315632.8002835482,-0.0438234038708632,-0.100105993364717,0.97625,1.905,0.9779022097790221,0.627,Jetting - High flow surge
52.6953811906766,5000133.2229351,1316332.329041982,-0.0438454113344525,-0.10010896180046,0.97625,1.905,0.9778022197780222,0.627,Jetting - High flow surge
52.7188586715812,5000133.57580315,1315895.4109781566,-0.0438620670926175,-0.100105313050731,0.97625,1.905,0.9779022097790221,0.627,Jetting - High flow surge
52.6437429436555,5000134.46322518,1315893.2364674122,-0.0439065779957036,-0.100106090513094,0.97625,1.905,0.9779022097790221,0.627,Jetting - High flow surge
52.6937999554779,5000133.38565089,1316277.8115951554,-0.0438526746480541,-0.100111241998141,0.97625,1.905,0.9778022197780222,0.627,Jetting - High flow surge
5.08655524244779e-06,5036623.62328537,1330381.9619056077,-0.0471548603676473,-0.10010618054337,0.973,1.8920000000000001,0.9779022097790221,0.627,Short shot
52.7768406892875,5000133.01560521,1315871.0401944944,-0.0438368913884098,-0.100106101171764,0.97625,1.905,0.9779022097790221,0.627,Jetting - High flow surge
52.6913048522914,5000133.34021669,1316293.1195019216,-0.0438507200980168,-0.10010610169425,0.97625,1.905,0.9779022097790221,0.627,Jetting - High flow surge
52.7362129942326,5000133.00767889,1316112.7641350345,-0.043836254254452,-0.100106176593226,0.97625,1.905,0.9779022097790221,0.627,Jetting - High flow surge
52.8328696841571,5000132.48805998,1315602.0709308428,-0.0438370516389016,-0.100106082978027,0.97625,1.905,0.9779022097790221,0.627,Jetting - High flow surge
52.7002885229226,5000133.18075835,1316346.3356453485,-0.0438434154778454,-0.100106072265056,0.97625,1.905,0.9779022097790221,0.627,Jetting - High flow surge
52.7131448562478,5000133.25005041,1316181.2083738712,-0.0438467063714697,-0.100106654006143,0.97625,1.905,0.9779022097790221,0.627,Jetting - High flow surge
52.752132301089,5000133.16599611,1315928.1094132124,-0.0438434068696629,-0.100108448225372,0.97625,1.905,0.9778022197780222,0.628,Jetting - High flow surge
52.781845597573,5000132.92125268,1315885.6216010698,-0.0438328291498181,-0.100108901188581,0.97625,1.905,0.9778022197780222,0.628,Jetting - High flow surge
49.748250318883,5000134.35125295,1315105.162660483,-0.046889739392492,-0.100110823939772,0.96925,1.9040000000000001,0.9778022197780222,0.627,Jetting - High flow surge
52.7501127443781,5000132.95859222,1316012.1033038753,-0.0438344218252105,-0.100111717655875,0.97625,1.905,0.9778022197780222,0.628,Jetting - High flow surge
52.7057074338507,5000133.66192402,1315961.0905290688,-0.0438659338134661,-0.100108717632663,0.97625,1.905,0.9778022197780222,0.628,Jetting - High flow surge
49.3025747315274,5000134.11939477,1315203.8836364571,-0.0471548603676473,-0.100108262934469,0.96925,1.9040000000000001,0.9778022197780222,0.627,Jetting - High flow surge
46.7609260402202,5000133.82403766,1315460.0934636449,-0.0471548603676473,-0.100107950224033,0.96925,1.9040000000000001,0.9777022297770223,0.627,Jetting - High flow surge
49.0268099254242,5000133.51319216,1315410.8222935863,-0.0471548603676473,-0.100105994988745,0.9695,1.905,0.9779022097790221,0.627,Jetting - High flow surge
52.8103131671265,5000132.67827349,1315799.4324885423,-0.0438231078622801,-0.100106082141602,0.97625,1.905,0.9779022097790221,0.627,Jetting - High flow surge
52.7545516826895,5000133.24313084,1315904.8154978715,-0.043846704845867,-0.100110205339552,0.97625,1.905,0.9778022197780222,0.627,Jetting - High flow surge
40.7858652387829,5000131.94486483,1315614.7618036168,-0.0471548603676473,-0.100106348811783,0.9655,1.889,0.9779022097790221,0.627,Short shot
52.7542131284413,5000133.12561043,1315940.2533324875,-0.0438415956077654,-0.100108791976094,0.97625,1.905,0.9778022197780222,0.628,Jetting - High flow surge
52.7061099571919,5000133.16220761,1316322.620730196,-0.0438425596976236,-0.10010976247091,0.97625,1.905,0.9778022197780222,0.627,Jetting - High flow surge
52.6962444872262,5000133.30525662,1316304.8222814337,-0.0438490153270304,-0.100105932537797,0.97625,1.905,0.9779022097790221,0.627,Jetting - High flow surge
5.09537542625982e-06,5036623.6230281,1332207.6632169203,-0.0471548603676473,-0.100108184908838,0.973,1.8920000000000001,0.9777022297770223,0.627,Short shot
51.5305745103268,5000132.88936656,1315471.690624737,-0.0451275492795059,-0.100111672308933,0.97625,1.905,0.9778022197780222,0.628,Jetting - High flow surge
52.7523054304787,5000134.09772541,1315406.6774911291,-0.0438881590503588,-0.100110811001361,0.97625,1.905,0.9778022197780222,0.627,Jetting - High flow surge
49.4677107358133,5000133.39589973,1315419.161588696,-0.0471548603676473,-0.10010902346137,0.9695,1.905,0.9778022197780222,0.627,Jetting - High flow surge
52.6980495117939,5000133.18078606,1316346.3389202263,-0.0438434851401625,-0.100111435490213,0.97625,1.905,0.9778022197780222,0.627,Jetting - High flow surge
49.1085611319493,5000134.457357,1315091.564841493,-0.0471548603676473,-0.100106024557606,0.969,1.903,0.9779022097790221,0.627,Jetting - High flow surge
52.6852808425155,5000133.61566295,1316199.1372375449,-0.0438634240464911,-0.100106102470713,0.976,1.9040000000000001,0.9779022097790221,0.627,Jetting - High flow surge
33.1191579224645,5000127.13544514,1315973.8899425957,-0.0471548603676473,-0.100106111221409,0.96525,1.8880000000000001,0.9779022097790221,0.627,Short shot
52.8160597894822,5000132.89274216,1315641.8544921482,-0.0438330501172894,-0.100105332088337,0.97625,1.905,0.9779022097790221,0.627,Jetting - High flow surge
52.8294819350718,5000132.57644164,1315713.227989106,-0.0438198815716444,-0.100110504746976,0.97625,1.905,0.9778022197780222,0.627,Jetting - High flow surge
52.6831572007442,5000133.51901041,1316232.6361291853,-0.0438590561908038,-0.100105988289223,0.97625,1.905,0.9779022097790221,0.627,Jetting - High flow surge
5.08878096098828e-06,5036623.62328831,1331527.587380616,-0.0471548603676473,-0.100110178166265,0.97325,1.893,0.9778022197780222,0.627,Short shot
43.9889105273961,5000132.35388489,1315565.2667879483,-0.0471548603676473,-0.100110055830424,0.96575,1.8900000000000001,0.9778022197780222,0.627,Short shot
52.8260619758612,5000132.68981854,1315677.8192702807,-0.043824716324069,-0.100106138983636,0.97625,1.905,0.9779022097790221,0.627,Jetting - High flow surge
52.7589049480408,5000132.89399172,1316009.588612815,-0.0438315638075164,-0.100106009850396,0.97625,1.905,0.9779022097790221,0.627,Jetting - High flow surge
38.1674696670631,5000131.13151355,1315809.9113847595,-0.0471548603676473,-0.100111215076141,0.9655,1.889,0.9778022197780222,0.627,Short shot
52.6865342731783,5000132.5479482,1315555.7900701747,-0.043986524093484,-0.100105954807868,0.97625,1.905,0.9779022097790221,0.627,Jetting - High flow surge
51.9291610344556,5000132.66032348,1315525.3600665205,-0.0447337259809932,-0.100105320597301,0.976,1.9040000000000001,0.9779022097790221,0.627,Jetting - High flow surge
43.8748485229583,5000132.36573408,1315553.934554838,-0.0471548603676473,-0.100105331515699,0.96575,1.8900000000000001,0.9779022097790221,0.627,Short shot
52.7295601437676,5000133.03178182,1316163.3068826697,-0.0438371751206753,-0.100108205333745,0.97625,1.905,0.9778022197780222,0.627,Jetting - High flow surge
5.09488229771568e-06,5036623.62309818,1332577.5296908927,-0.0471548603676473,-0.100105999175294,0.97275,1.891,0.9779022097790221,0.627,Short shot
