cycle_id,label,Volume_max,Volume_mean,Volume_auc,Volume_std,Volume_flat_ratio,Volume_rise_time,Piston_Pressure_max,Piston_Pressure_mean,Piston_Pressure_auc,Piston_Pressure_std,Piston_Pressure_flat_ratio,Piston_Pressure_rise_time,Flow_Rate_max,Flow_Rate_mean,Flow_Rate_auc,Flow_Rate_std,Flow_Rate_flat_ratio,Flow_Rate_rise_time,Piston_Position_max,Piston_Position_mean,Piston_Position_auc,Piston_Position_std,Piston_Position_flat_ratio,Piston_Position_rise_time,Piston_Velocity_max,Piston_Velocity_mean,Piston_Velocity_auc,Piston_Velocity_std,Piston_Velocity_flat_ratio,Piston_Velocity_rise_time
20250605_134319_RID014,0,,,,,,,,,,,,,,,,,,,,,,,,,,,,,,
20250605_134320_RID014,1,43.7987227659969,11.618438631865432,116.17410539590318,17.579254226306656,0.7245275472452755,1.5570000000000004,69900000.0,-1266247.1726251855,-12701187.960377801,3323146.325646373,0.1982801719828017,0.0,0.0627926351821147,0.003994586747337582,0.03994986472112157,0.014456538788474374,0.9779022097790221,0.008000000000000007,-0.0471548603676473,-0.0768391037600559,-0.7684165062625588,0.021840795270602724,0.9917008299170083,0.0,1.16000694990604,-0.00027406094599886904,-0.0027408862200042445,0.11429748777857159,0.9653034696530347,0.001
20250605_134404_RID014,0,,,,,,,,,,,,,,,,,,,,,,,,,,,,,,
20250605_134405_RID014,1,49.4966275372217,13.960749220017306,139.5967046356245,20.14038756622056,0.7237276272372762,1.7730000000000006,69900000.0,-1154364.130399038,-11582245.655057695,3281310.72161988,0.1982801719828017,0.0,0.0627925334706389,0.003994434406924514,0.039948341164650465,0.014456264936956452,0.9779022097790221,0.008000000000000007,-0.0471292059728703,-0.0734577958680816,-0.7346028427470314,0.022917147069179265,0.9918008199180082,0.0,1.13373893917598,0.0002852255469140994,0.002852537995476921,0.11413767721468955,0.9668033196680332,0.001
20250605_134447_RID014,0,,,,,,,,,,,,,,,,,,,,,,,,,,,,,,
20250605_134448_RID014,1,52.7121911015317,15.294871781924574,152.9376565954769,21.52454777282314,0.7231276872312768,1.8890000000000002,69900000.0,-1269836.614460717,-12737085.968160857,3324813.914825389,0.20317968203179682,0.0,0.062793733975689,0.003996778287201645,0.03997178231130204,0.01446060955752401,0.9778022197780222,0.007000000000000117,-0.043895222332968,-0.07323291469992284,-0.7323554238059994,0.02370800223556992,0.9917008299170083,0.001,1.1191100225825,0.0006087175424463947,0.006087781442785484,0.11385430500288299,0.9696030396960303,0.001
20250605_134534_RID014,0,,,,,,,,,,,,,,,,,,,,,,,,,,,,,,
20250605_134535_RID014,1,52.6960288773404,15.285433276456043,152.84327018339818,21.517905799131707,0.7178282171782822,1.8899999999999997,69900000.0,-1263481.801273891,-12673531.481458813,3322739.9037399082,0.20317968203179682,0.0,0.0627939623393918,0.003997051584240181,0.03997451555498443,0.014461109007551645,0.9778022197780222,0.008000000000000007,-0.0438459463246926,-0.07316581418258182,-0.7316843761940234,0.02371220352494108,0.9917008299170083,0.001,1.11911403642239,0.0006136494395730005,0.0061371053458260695,0.11385983204245191,0.9697030296970303,0.001
20250605_134635_RID014,1,,,,,,,,,,,,,0.0627930068458028,0.003995232871590632,0.03995632660978913,0.014457751615753914,0.9779022097790221,0.008000000000000007,,,,,,,,,,,,
20250605_134636_RID014,1,5.09348059544205e-06,1.163870040639758e-06,1.1637317536140496e-05,1.3351085537891608e-06,1.0,3.643,69900000.0,-1202223.7924190485,-12060890.16020938,3305352.4023355884,0.20587941205879412,0.0,,,,,,,-0.0471548603676473,-0.08763161072830834,-0.8763313392257339,0.01998918000164101,0.9916008399160084,0.0,1.28068133560395,-0.004479485667009066,-0.04479933874950765,0.1148153983351248,0.9681031896810319,0.001
20250605_134735_RID014,1,51.8071740330005,14.906278469561682,149.05178738706988,21.12903274413048,0.7236276372362763,1.8559999999999999,69900000.0,-1127150.133123794,-11310078.468312204,3270305.322835859,0.20167983201679832,0.0,0.0627921705184251,0.0039936464551787185,0.03994046085924075,0.01445477514105686,0.9779022097790221,0.008000000000000007,-0.044863217301569,-0.07226394213936353,-0.7226642450233524,0.02332781308309953,0.9918008199180082,0.0,1.12348480585302,0.0005118863269050495,0.005119372456175092,0.11427003220131243,0.9667033296670333,0.001
20250605_134835_RID014,1,,,,,,,,,,,,,0.0627926133402231,0.003994551433715318,0.03994951154958528,0.014456474222240737,0.9779022097790221,0.008000000000000007,,,,,,,,,,,,
20250605_134836_RID014,0,52.7782519318346,15.310845864889398,153.09738036879293,21.544829608315702,0.7245275472452755,1.8909999999999991,69900000.0,-1259513.863125252,-12633848.132049501,3320898.5876450194,0.20317968203179682,0.0,,,,,,,-0.043884148909114,-0.07313086726696708,-0.7313348529576986,0.02369819801676303,0.9917008299170083,0.001,1.11911023873134,0.0006098231698467328,0.006098838822384433,0.11410199765512494,0.9695030496950305,0.001
20250605_134935_RID014,1,,,,,,,,,,,,,0.0627925088857863,0.003994391162777618,0.03994790867993726,0.014456180033831985,0.9779022097790221,0.008000000000000007,,,,,,,,,,,,
20250605_134936_RID014,1,27.8931621527037,6.390942680372862,63.90187116533265,10.946943968478044,0.7956204379562044,0.968,69900000.0,-1201333.5621211522,-12051986.941539755,3299563.7497093524,0.1982801719828017,0.0,,,,,,,-0.0471548603676473,-0.08135850106842378,-0.813607265737212,0.01987555214190148,0.9917008299170083,0.0,1.22159130870407,-0.0018205075681019967,-0.01820689888876494,0.11457546986511281,0.9648035196480352,0.001
20250605_135135_RID014,0,,,,,,,,,,,,,,,,,,,,,,,,,,,,,,
20250605_135136_RID014,1,44.7465919220568,12.13106257046564,121.30038347126583,18.128526514513904,0.7238276172382762,1.5989999999999993,69900000.0,-1241521.1601207035,-12453903.109348532,3314531.4431544803,0.1982801719828017,0.0,0.0627925677102647,0.003994479795961354,0.039948795100407906,0.014456342790688128,0.9779022097790221,0.008000000000000007,-0.0471548603676473,-0.07609894240207686,-0.7610146169907576,0.022068888637129597,0.9917008299170083,0.0,1.15371617866535,-0.00018117636500382793,-0.00181194752530788,0.1142151674807696,0.9666033396660334,0.001
20250605_135237_RID014,1,49.4051158466796,13.93540932710335,139.3433261224373,20.10784936839768,0.7237276272372762,1.7689999999999992,69900000.0,-1262649.872394166,-12665211.360772964,3321940.211674797,0.1982801719828017,0.0,0.0627926235704571,0.003994567850240412,0.03994967573125276,0.014456504222375148,0.9779022097790221,0.008000000000000007,-0.0471548603676473,-0.07452254248193758,-0.7452513253365317,0.022976770390353632,0.9918008199180082,0.0,1.13392741811217,0.00027556737805929107,0.002755946648892934,0.11413162323806707,0.9667033296670333,0.001
20250605_135335_RID014,0,,,,,,,,,,,,,,,,,,,,,,,,,,,,,,
20250605_135336_RID014,1,52.7011306072816,15.287102611943777,152.85996265674606,21.51974967708282,0.718928107189281,1.8899999999999997,69900000.0,-1233451.6228174176,-12373199.666714534,3311498.5567527465,0.20317968203179682,0.0,0.0627923882671367,0.003994819582902468,0.039952193309605956,0.014457013482826905,0.9777022297770223,0.007000000000000117,-0.0438433891167246,-0.07287388068827118,-0.7287647505967176,0.023677897564569093,0.9917008299170083,0.001,1.11911360957985,0.0006139052729997912,0.006139663935921017,0.11386609195304401,0.9695030496950305,0.001
20250605_135436_RID014,0,,,,,,,,,,,,,,,,,,,,,,,,,,,,,,
20250605_135437_RID014,1,34.8111805189486,8.52139118518838,85.20502765280952,13.813600554040644,0.7648235176482352,1.2239999999999993,69900000.0,-1264160.3144906473,-12680317.292146552,3322798.7643130273,0.1982801719828017,0.0,0.062792632006141,0.003994580497975805,0.03994980222125441,0.014456529058515981,0.9779022097790221,0.008000000000000007,-0.0471548603676473,-0.07986690373053128,-0.7986931652516215,0.020451550499412458,0.9917008299170083,0.0,1.1956202713647,-0.0011476767167029655,-0.011477917542928647,0.11444967340666232,0.9652034796520348,0.001
20250605_135535_RID014,0,,,,,,,,,,,,,,,,,,,,,,,,,,,,,,
20250605_135536_RID014,1,52.8130356289303,15.315525720831516,153.14416621622152,21.55490116229631,0.7245275472452755,1.8920000000000003,69900000.0,-1220248.6521480381,-12241156.757040165,3306684.8342733732,0.20317968203179682,0.0,0.0627925314328416,0.003994424738748121,0.03994824447321833,0.01445624132472578,0.9779022097790221,0.008000000000000007,-0.0438225937657341,-0.07274453772665995,-0.7274712020214007,0.023666587064234815,0.9917008299170083,0.001,1.11910771313123,0.0006159818167430457,0.006160431449838388,0.1141064605053478,0.9695030496950305,0.001
20250605_135636_RID014,1,,,,,,,,,,,,,0.062792769840012,0.0039948302084390494,0.03995229957559732,0.014456993165204915,0.9779022097790221,0.008000000000000007,,,,,,,,,,,,
20250605_135637_RID014,0,52.6958191523629,15.284814714860529,152.83708405374395,21.517601840315635,0.7170282971702829,1.8899999999999997,69900000.0,-1218059.3207425135,-12219261.253663424,3305984.8933852753,0.20317968203179682,0.0,,,,,,,-0.043843557259125,-0.07272843164732155,-0.7273101146540759,0.02366051364521145,0.9917008299170083,0.001,1.1191143562113,0.0006138884537666926,0.006139495726770874,0.11406717732178892,0.9695030496950305,0.001
20250605_135736_RID014,1,52.7577450919187,15.303010707768747,153.01903121584928,21.5381312669972,0.7237276272372762,1.8909999999999991,69900000.0,-1269215.2005750341,-12730871.207867876,3324705.8932161247,0.20317968203179682,0.0,0.0627938809745313,0.0039967823073699576,0.03997182251700532,0.014460606044847115,0.9778022197780222,0.008000000000000007,-0.0438425193659964,-0.07321925422565517,-0.7322188317680708,0.023718286691452425,0.9917008299170083,0.001,1.11910979031489,0.0006139900597061376,0.0061405118877677104,0.1139093707705362,0.9695030496950305,0.001
20250605_135835_RID014,1,52.7628711107139,15.303877760661877,153.02770004882404,21.53963829219548,0.7237276272372762,1.8909999999999991,69900000.0,-1182539.9858898534,-11864032.385798674,3292491.7573769074,0.20317968203179682,0.0,0.0627938119976819,0.003996675424466113,0.03997075358108397,0.014460409468668271,0.9778022197780222,0.008000000000000007,-0.0438363818530217,-0.07238535646424556,-0.723879023326557,0.023616019339160268,0.9917008299170083,0.001,1.11910980127672,0.000614604067031201,0.006146652575009138,0.11390624058167892,0.9695030496950305,0.001
20250605_135937_RID014,0,,,,,,,,,,,,,,,,,,,,,,,,,,,,,,
20250605_135938_RID014,1,52.6618432218202,15.278897065850842,152.77791863396337,21.507512340245473,0.7168283171682832,1.887999999999999,69900000.0,-1266637.1048473187,-12705087.672512952,3323816.5273961206,0.20317968203179682,0.0,0.0627926425558704,0.003994597245629275,0.03994996971453677,0.014456560449412173,0.9779022097790221,0.008000000000000007,-0.0438844060524411,-0.07320267126050192,-0.7320529645898762,0.023707606467815154,0.9917008299170083,0.001,1.11911442815256,0.0006098017391299857,0.006098624493792205,0.11409601450195113,0.9695030496950305,0.001
20250605_140136_RID014,1,43.9065206752788,11.806666204943557,118.05651545530284,17.762787148142372,0.7235276472352765,1.5680000000000005,69900000.0,-1239644.0622565658,-12435130.25359842,3313717.145559487,0.1982801719828017,0.0,0.0627925632156232,0.003994473162108375,0.03994872875524426,0.01445633013493119,0.9779022097790221,0.008000000000000007,-0.0471548603676473,-0.07639919498309751,-0.7640170323178912,0.02191496295988835,0.9917008299170083,0.0,1.15737004377348,-0.000263315281852795,-0.002633418832774525,0.11424876193740142,0.9666033396660334,0.001
20250605_140236_RID014,1,52.6557883089194,15.28006588503552,152.78961102208578,21.5065665760725,0.7195280471952805,1.887999999999999,69900000.0,-1251005.9504817657,-12548760.497711506,3318125.072132442,0.20317968203179682,0.0,0.062792589967762,0.0039945139311993744,0.03994913648692334,0.014456406497247285,0.9779022097790221,0.008000000000000007,-0.0439053751600302,-0.07305539886759668,-0.7305800828971453,0.02368661603753415,0.9917008299170083,0.001,1.11911321593083,0.0006077036917777027,0.006077641922272682,0.11410195614376518,0.9695030496950305,0.001
20250605_140336_RID014,1,,,,,,,,,,,,,0.0627925727781313,0.00399449276715977,0.039948924825363254,0.01445636637111254,0.9779022097790221,0.008000000000000007,,,,,,,,,,,,
20250605_140337_RID014,1,43.9235439168156,11.777857765655696,117.7683937423642,17.73787793577399,0.7235276472352765,1.5670000000000002,69900000.0,-1229604.5879809454,-12334725.471359419,3309930.9183272305,0.1982801719828017,0.0,,,,,,,-0.0471548603676473,-0.07633044980001075,-0.7633295200451733,0.021910654764368796,0.9917008299170083,0.0,1.15782541112137,-0.0002616547813287461,-0.0026168121670860495,0.11428009358566057,0.9665033496650335,0.001
20250605_140436_RID014,1,52.7050160523792,15.288311783764387,152.87205364140144,21.521084298615538,0.7195280471952805,1.8899999999999997,69900000.0,-1269511.0049752851,-12733829.547675133,3324919.9000226287,0.20317968203179682,0.0,0.0627914427374855,0.0039933831705811305,0.039937827749980254,0.01445438316205613,0.9778022197780222,0.007000000000000117,-0.0438428153067457,-0.0732227942038181,-0.7322542349522543,0.023719260836408858,0.9917008299170083,0.001,1.11911329289091,0.0006139625776652269,0.006140237039878597,0.11389980555910016,0.9693030696930307,0.001
20250605_140535_RID014,1,,,,,,,,,,,,,0.0627939763787974,0.0039970352842690375,0.03997435253897302,0.014461075912217632,0.9778022197780222,0.008000000000000007,,,,,,,,,,,,
20250605_140536_RID014,0,50.9008435375013,14.523757427656864,145.22664761222757,20.736493294572178,0.7236276372362763,1.8229999999999995,69900000.0,-1237949.8002611664,-12418185.939334625,3313231.4450933207,0.1982801719828017,0.0,,,,,,,-0.0457472803661381,-0.07370525313037829,-0.7370783540446061,0.023272039688092595,0.9918008199180082,0.0,1.12768034538909,0.0004234551930049228,0.004234972685935973,0.11387544458658788,0.967003299670033,0.001
20250605_140638_RID014,1,5.0865469624364e-06,1.1579425600987208e-06,1.1578040270066089e-05,1.3345701093723523e-06,1.0,3.6389999999999993,69900000.0,-1182185.2707456641,-11860484.905234873,3296327.369505716,0.20587941205879412,0.0,0.0627936738414065,0.003996414103086631,0.03996814010598076,0.014459933624135486,0.9777022297770223,0.008000000000000007,-0.0471548603676473,-0.08742844414161491,-0.8742994687999541,0.02010218931271092,0.9916008399160084,0.0,1.28068133807462,-0.004479764090899046,-0.04480212326764031,0.11471500200798752,0.9684031596840316,0.001
20250605_140734_RID014,0,,,,,,,,,,,,,,,,,,,,,,,,,,,,,,
20250605_140735_RID014,1,5.09195736435214e-06,1.162313098612301e-06,1.1621747320539447e-05,1.33512547235306e-06,1.0,3.6420000000000003,69900000.0,-1158342.4132204559,-11622032.486844253,3287800.3118452937,0.20587941205879412,0.0,0.0627939298812188,0.0039969880049097435,0.03997387969811357,0.014461000242085654,0.9778022197780222,0.007999999999999563,-0.0471548603676473,-0.08720485264979017,-0.8720633316817088,0.020233855764522118,0.9916008399160084,0.0,1.28068134078089,-0.004479485819945828,-0.04479934027902791,0.11463783694560048,0.9681031896810319,0.001
20250605_140937_RID014,1,52.745141076601,15.303238521999019,153.02131588797386,21.534920880436488,0.7245275472452755,1.8899999999999997,69900000.0,-1245660.7706895624,-12495303.354603035,3316007.3466982325,0.20317968203179682,0.0,0.0627925764858661,0.00399449345812213,0.0399489317356778,0.014456367793049374,0.9779022097790221,0.008000000000000007,-0.0438894920857019,-0.07299956082330947,-0.730021654547346,0.023682894925603503,0.9917008299170083,0.001,1.1191082865985,0.0006092897566106313,0.006093504156627112,0.1141048306235716,0.9695030496950305,0.001
20250605_141034_RID014,1,5.08803453180133e-06,1.1621372102066768e-06,1.1619990222011076e-05,1.3338506748297796e-06,1.0,3.6420000000000003,69900000.0,-1232084.7521071483,-12359529.620160723,3315771.312225035,0.20587941205879412,0.0,0.0627925606421797,0.00399446360479154,0.0399486331725325,0.014456324331111497,0.9779022097790221,0.008000000000000007,-0.0471548603676473,-0.08791494537202682,-0.8791649580216666,0.019823653896185827,0.9916008399160084,0.0,1.28068133249161,-0.004481680626660586,-0.04482129054761688,0.11489392389337076,0.9682031796820318,0.001
20250605_141135_RID014,1,,,,,,,,,,,,,0.0627924859145213,0.0039943522629912855,0.039947519643187095,0.014456121866727843,0.9779022097790221,0.008000000000000007,,,,,,,,,,,,
20250605_141136_RID014,1,5.09471236873828e-06,1.1649090083915763e-06,1.1647707636739786e-05,1.3352719217449873e-06,1.0,3.644,69900000.0,-1168293.0907960513,-11721549.213327475,3292274.9445856838,0.20587941205879412,0.0,,,,,,,-0.0471548603676473,-0.087305570715896,-0.8730706128165255,0.020179662357363827,0.9916008399160084,0.0,1.28068133950899,-0.004479534676584463,-0.04479982889441212,0.11488960981324542,0.9681031896810319,0.001
20250605_141235_RID014,1,5.09208855029901e-06,1.163716035105677e-06,1.1635778022816724e-05,1.3347258303429666e-06,1.0,3.643,69900000.0,-1201016.1584304797,-12048812.613477536,3304633.2253978215,0.20587941205879412,0.0,0.0627938933779312,0.003996826046588075,0.03997225995293897,0.014460700275977359,0.9778022197780222,0.008000000000000007,-0.0471548603676473,-0.08761841589750446,-0.8761993737866787,0.019999105911804333,0.9916008399160084,0.0,1.28068133576878,-0.004480272825452534,-0.04480721112343486,0.1146797020448891,0.9686031396860314,0.001
20250605_141336_RID014,0,,,,,,,,,,,,,,,,,,,,,,,,,,,,,,
20250605_141337_RID014,1,26.5258342661808,5.98906059033969,59.88333204685415,10.379766710848408,0.801919808019198,0.9170000000000007,69900000.0,-1269837.9763165407,-12737099.587914381,3324688.9434863096,0.1982801719828017,0.0,0.0627928565613394,0.003995147873039655,0.03995547653926789,0.014457600125205269,0.9779022097790221,0.008000000000000007,-0.0471548603676473,-0.08241064135175098,-0.8241290583362144,0.01956257906888788,0.9917008299170083,0.0,1.2267757691425,-0.0019529692325334083,-0.019531647994696772,0.11445096291331265,0.9647035296470353,0.001
20250605_141436_RID014,1,,,,,,,,,,,,,0.0627939044999461,0.003996986865022988,0.03997386829809331,0.014460989303309022,0.9778022197780222,0.007000000000000117,,,,,,,,,,,,
20250605_141437_RID014,1,46.6792782442475,12.86073659073189,128.5968870047875,18.945557306727896,0.7237276272372762,1.6719999999999997,69900000.0,-1243158.9811272507,-12470282.957217142,3315010.1660718066,0.1982801719828017,0.0,,,,,,,-0.0471548603676473,-0.07539398883102902,-0.7539653247374472,0.0224291998803348,0.9917008299170083,0.0,1.14570141971198,8.486816495716373e-06,8.487395274483036e-05,0.11393364034380786,0.9668033196680332,0.001
20250605_141638_RID014,1,50.2808212920614,14.275369479028587,142.74282974911884,20.474048383560444,0.7237276272372762,1.8009999999999993,69900000.0,-1201463.938566975,-12053290.836540267,3299568.8417410236,0.1982801719828017,0.0,0.0627932527462336,0.0039960992898567145,0.03996499165885538,0.014459362439913895,0.9778022197780222,0.006999999999999673,-0.0463586382049055,-0.07359936474358807,-0.7360190584947723,0.023113509810573595,0.9918008199180082,0.0,1.13033737889417,0.0003623025993261597,0.003623385596614427,0.1138642736110447,0.9668033196680332,0.001
20250605_141736_RID014,1,47.2906520110681,13.097421561322395,130.96366770877972,19.20545559299488,0.7237276272372762,1.693999999999999,69900000.0,-1269379.240884217,-12732511.7750437,3324591.0965892114,0.1982801719828017,0.0,0.0627928552844846,0.0039951456487013585,0.039955454293660694,0.014457595928662602,0.9779022097790221,0.008000000000000007,-0.0471548603676473,-0.07541460989532432,-0.7541718556672147,0.022552527220844748,0.9917008299170083,0.0,1.14310209053805,6.841397384020624e-05,0.0006842054533250281,0.11402792197355063,0.9667033296670333,0.001
20250605_141837_RID014,1,,,,,,,,,,,,,0.062793967791169,0.003997033559678255,0.039974335291340625,0.014461072704899271,0.9778022197780222,0.008000000000000007,,,,,,,,,,,,
20250605_141838_RID014,0,49.1663876457398,13.829932145218953,138.2885681905119,20.000336693759532,0.7237276272372762,1.7609999999999992,69900000.0,-1223951.3338152627,-12278187.276426967,3307900.4260657844,0.1982801719828017,0.0,,,,,,,-0.0471548603676473,-0.07425389135150412,-0.7425644312403952,0.0229072074101543,0.9918008199180082,0.0,1.13515140651417,0.00025274152632878314,0.0025276653056272623,0.11390058201735473,0.967003299670033,0.001
20250605_141932_RID014,1,,,,,,,,,,,,,0.0627935886551572,0.0039960734245394055,0.03996473297981697,0.014459271542479639,0.9777022297770223,0.008000000000000007,,,,,,,,,,,,
20250605_141933_RID014,0,52.7927010971156,15.310856739152882,153.09748189771943,21.548804497789323,0.7245275472452755,1.8920000000000003,69900000.0,-1134453.520522411,-11383119.645654287,3273482.548425765,0.20317968203179682,0.0,,,,,,,-0.0438265250223742,-0.07192104554902885,-0.719235454789965,0.023547359468302807,0.9917008299170083,0.001,1.11910857302075,0.0006155892665576267,0.006156505555445972,0.11404712438210199,0.9695030496950305,0.001
20250605_142034_RID014,0,,,,,,,,,,,,,,,,,,,,,,,,,,,,,,
20250605_142035_RID014,1,49.9067078718784,14.125806543492684,141.2472378875344,20.31537736148582,0.7237276272372762,1.787,69900000.0,-1268865.3790104399,-12727372.642419614,3324406.4002681337,0.1982801719828017,0.0,0.0627936972500924,0.003996727654011429,0.03997127592876669,0.014460515856852419,0.9778022197780222,0.006999999999999673,-0.0467268914714227,-0.07439486858369626,-0.7439747082055045,0.02308578230586922,0.9918008199180082,0.0,1.13194570430198,0.0003254674448827148,0.0032549972170537803,0.11387732621889839,0.9669033096690332,0.001
20250605_142135_RID014,0,,,,,,,,,,,,,,,,,,,,,,,,,,,,,,
20250605_142136_RID014,1,51.7753816631217,14.87977102018422,148.78670228203077,21.1080908499728,0.7236276372362763,1.8549999999999995,69900000.0,-1112388.7094209017,-11162449.46983277,3264302.759703395,0.20127987201279873,0.0,0.0627936161511284,0.0039961288561873535,0.0399652873517281,0.014459373748836492,0.9777022297770223,0.008000000000000007,-0.0448855174612823,-0.07214655285175922,-0.7214902236056804,0.023301269425965804,0.9918008199180082,0.0,1.1238672477643,0.0005096560816761345,0.0050970677734812845,0.11403108413939222,0.9668033196680332,0.001
20250605_142234_RID014,0,,,,,,,,,,,,,,,,,,,,,,,,,,,,,,
20250605_142235_RID014,1,52.6812894711479,15.285803196756236,152.84697712602355,21.514154346159028,0.7195280471952805,1.887999999999999,69900000.0,-1268297.0520404144,-12721688.80439723,3324305.551821304,0.20317968203179682,0.0,0.0627937226853133,0.003996481048556816,0.0399688096276151,0.014460047821161736,0.9778022197780222,0.008000000000000007,-0.0438997807609515,-0.07321972327792499,-0.7322234941182089,0.023705693553027093,0.9917008299170083,0.001,1.11911223829368,0.0006082623099734297,0.006083228662833829,0.11393875179519611,0.9695030496950305,0.001
20250605_142335_RID014,1,,,,,,,69900000.0,-1222355.6113128182,-12262228.455673594,3307407.660030852,0.20317968203179682,0.0,0.0627925344099772,0.003994429282434906,0.03994828991462988,0.014456249510539414,0.9779022097790221,0.008000000000000007,-0.0438828953542268,-0.07277445257723694,-0.7277703502798774,0.0236571384790078,0.9917008299170083,0.001,1.11910863657598,0.0006099499911529821,0.006100107162269625,0.11410722772393041,0.9695030496950305,0.001
20250605_142336_RID014,0,52.7436914060598,15.302478149545651,153.01371212790303,21.534427347243263,0.7245275472452755,1.8899999999999997,,,,,,,,,,,,,,,,,,,,,,,,
20250605_142435_RID014,1,5.09429065905504e-06,1.164514309750863e-06,1.1643760466488851e-05,1.3352230589223657e-06,1.0,3.643,69900000.0,-1181449.087177566,-11853122.333089314,3297403.9269547164,0.20587941205879412,0.0,0.0627924963086003,0.003994366820401762,0.03994766523184925,0.014456148531614142,0.9779022097790221,0.008000000000000007,-0.0471548603676473,-0.08743208833104409,-0.8743359157303456,0.02010651225878701,0.9916008399160084,0.0,1.28068133796228,-0.004479485736678547,-0.04479933944627179,0.11488955813687743,0.9681031896810319,0.001
20250605_142637_RID014,1,,,,,,,,,,,,,0.0627925037563639,0.003994377706862728,0.0399477741073456,0.01445616804152805,0.9779022097790221,0.008000000000000007,,,,,,,,,,,,
20250605_142638_RID014,1,5.09310582696771e-06,1.1641414466465633e-06,1.1640032054998796e-05,1.3349442904156114e-06,1.0,3.643,69900000.0,-1189752.4632309054,-11936164.397469178,3300448.129393262,0.20587941205879412,0.0,,,,,,,-0.0471548603676473,-0.08751113141631897,-0.8751264232831457,0.020061586752176296,0.9916008399160084,0.0,1.28068133703087,-0.004479954296607727,-0.0448040255154931,0.11489112359927721,0.9682031796820318,0.001
20250605_142735_RID014,0,,,,,,,,,,,,,,,,,,,,,,,,,,,,,,
20250605_142736_RID014,1,52.7032242769103,15.288506905403754,152.8740059488045,21.520564061618973,0.7195280471952805,1.8899999999999997,69900000.0,-1175366.501381919,-11792290.367242934,3289764.2790171965,0.20317968203179682,0.0,0.0627938970647721,0.003996847315595824,0.039972472664272216,0.014460728565928524,0.9778022197780222,0.008000000000000007,-0.0438545934598619,-0.0723201248299007,-0.7232266326492507,0.02360293480763713,0.9917008299170083,0.001,1.11911295303305,0.0006127838044115709,0.006128448128598911,0.11388625315241106,0.9698030196980302,0.001
20250605_142836_RID014,1,50.2193714524707,14.249689383524796,142.48603383890526,20.447383957977472,0.7237276272372762,1.7990000000000004,69900000.0,-1259263.8330990355,-12631347.581753917,3320990.848792157,0.1982801719828017,0.0,0.0627926136751288,0.003994551538466565,0.039949512597202495,0.01445647512334716,0.9779022097790221,0.008000000000000007,-0.0464184766998444,-0.07418105843158648,-0.7418365471382748,0.023145494925709647,0.9918008199180082,0.0,1.13062146117032,0.00035631716397076214,0.0035635252576170355,0.11411874114450797,0.9668033196680332,0.001
20250605_142934_RID014,1,37.4915893668677,9.406355537052827,94.05421593138185,14.93302080556231,0.7528247175282472,1.3230000000000004,69900000.0,-1222451.3313552067,-12263185.751835668,3307264.7285176683,0.1982801719828017,0.0,0.0627939264445404,0.003996901783420584,0.03997301739698766,0.014460826800316698,0.9778022197780222,0.008000000000000007,-0.0471548603676473,-0.07859323265195069,-0.785956483773935,0.020878901281073538,0.9917008299170083,0.0,1.18521357124699,-0.0008871069340305691,-0.008871959146270814,0.11419325884702929,0.9654034596540346,0.001
20250605_143033_RID014,0,,,,,,,,,,,,,,,,,,,,,,,,,,,,,,
20250605_143034_RID014,1,52.7358651513983,15.29537816784921,152.94270912408425,21.530223570717094,0.7195280471952805,1.8909999999999991,69900000.0,-1266893.1654504517,-12707648.534585642,3323715.06928509,0.20317968203179682,0.0,0.0627926414834902,0.003994596108289779,0.03994995834000446,0.014456557438232062,0.9779022097790221,0.008000000000000007,-0.043839673175526,-0.07319581905501873,-0.7319844580534256,0.02371563866729237,0.9917008299170083,0.001,1.11911200358201,0.0006142754091088136,0.00614336566713594,0.11409581393854337,0.9695030496950305,0.001
20250605_143139_RID014,1,5.09162025665696e-06,1.162589260453549e-06,1.1624509383667615e-05,1.3348114303671844e-06,1.0,3.6420000000000003,69900000.0,-1242297.0013081734,-12461662.322480004,3320206.325898551,0.20587941205879412,0.0,0.0627939237255241,0.003997002598704666,0.03997402565065669,0.014461031894602162,0.9778022197780222,0.007000000000000117,-0.0471548603676473,-0.08801599536501901,-0.8801755691363563,0.019756016977577805,0.9916008399160084,0.0,1.28068133133102,-0.004479653874372981,-0.04480102099184132,0.1146414669732418,0.9683031696830317,0.001
20250605_143335_RID014,1,,,,,,,,,,,,,0.062792500761099,0.003994379912566784,0.03994779616657879,0.014456158214143705,0.9779022097790221,0.008000000000000007,,,,,,,,,,,,
20250605_143336_RID014,0,52.8100530165325,15.309588932050012,153.08479388292392,21.549928859717273,0.7246275372462754,1.891,69900000.0,-1194614.7661328109,-11984792.263004966,3296833.1697442397,0.20317968203179682,0.0,,,,,,,-0.0438632214986986,-0.0725117417231215,-0.7251429888603155,0.023624547480038185,0.9917008299170083,0.001,1.11925289107831,0.000611916283836804,0.0061197720552615235,0.11410366313216312,0.9695030496950305,0.001
20250605_143534_RID014,1,50.5720616799739,14.391035755141493,143.89946255633006,20.59688643785553,0.7237276272372762,1.811,69900000.0,-1261744.6266807048,-12656157.998359766,3321873.905261771,0.1982801719828017,0.0,0.0627934284800546,0.00399634710208174,0.039967470028917866,0.014459818126922274,0.9778022197780222,0.007000000000000117,-0.0460710558585805,-0.07406468030326864,-0.7406728232519644,0.023221349562659387,0.9918008199180082,0.0,1.12910499140951,0.0003910686880682353,0.003911075250086828,0.11386672235830532,0.9668033196680332,0.001
20250605_143735_RID014,1,51.9656495427424,14.96459217170733,149.63490348447368,21.192708557429366,0.7236276372362763,1.8609999999999998,69900000.0,-1227397.5160240126,-12312652.544682741,3309299.823139992,0.20217978202179782,0.0,0.0627925421774939,0.003994440982874639,0.03994840693072764,0.014456270973344464,0.9779022097790221,0.008000000000000007,-0.0447023237940812,-0.07316967631561812,-0.7317225729995169,0.02348531269046367,0.9918008199180082,0.0,1.12291074596937,0.0005279806059815137,0.005280331341130901,0.11409485667779834,0.9668033196680332,0.001
20250605_143834_RID014,1,,,,,,,,,,,,,0.0627926153645322,0.003994553985914934,0.03994953707413364,0.014456480123154205,0.9779022097790221,0.008000000000000007,,,,,,,,,,,,
20250605_143835_RID014,0,52.7954689491933,15.311548932941491,153.10440314387324,21.549639348238404,0.7245275472452755,1.8920000000000003,69900000.0,-1259621.6025315067,-12634925.6338274,3321242.9791600923,0.20317968203179682,0.0,,,,,,,-0.0438269525698028,-0.07312467142976861,-0.7312729170086669,0.02371126541317373,0.9917008299170083,0.001,1.11910840025503,0.000615546355608855,0.006156076403048088,0.11409983197530724,0.9695030496950305,0.001
20250605_143935_RID014,1,,,,,,,,,,,,,0.0627935978270032,0.003996585752022519,0.03996985676697559,0.01446025511757642,0.9778022197780222,0.007000000000000117,,,,,,,,,,,,
20250605_143936_RID014,0,52.773537754274,15.306889351950915,153.05781363998398,21.54310860632602,0.7245275472452755,1.8909999999999991,69900000.0,-1257310.1526628712,-12611808.823695831,3320191.6460614186,0.20317968203179682,0.0,,,,,,,-0.0438370212376212,-0.073101795701991,-0.7310441318212991,0.023705713917230493,0.9917008299170083,0.001,1.11910905620455,0.0006145396834220066,0.006146008674535204,0.11385144791726988,0.9696030396960303,0.001
20250605_144034_RID014,0,,,,,,,,,,,,,,,,,,,,,,,,,,,,,,
20250605_144035_RID014,1,5.09165804191873e-06,1.1626586381833526e-06,1.162520321145075e-05,1.334808616404528e-06,1.0,3.6420000000000003,69900000.0,-1239779.5690205786,-12436485.482203351,3319275.530170246,0.20587941205879412,0.0,0.0627939589933812,0.003997034431080897,0.03997434400625137,0.014461089376817778,0.9778022197780222,0.008000000000000007,-0.0471548603676473,-0.0879917767676631,-0.8799333587873194,0.019771115295839692,0.9916008399160084,0.0,1.28068133159103,-0.004479685247309423,-0.044801334752670466,0.11464569498560791,0.9684031596840316,0.001
20250605_144135_RID014,1,50.3527557400645,14.302814463036958,143.0172710669626,20.503777148036612,0.7237276272372762,1.802999999999999,69900000.0,-1222220.4267376557,-12260876.474731555,3307395.8303906983,0.1982801719828017,0.0,0.0627929972418888,0.003995726191232626,0.039961260299515876,0.014458676722423723,0.9778022197780222,0.007000000000000117,-0.0462869481859951,-0.07377169880144857,-0.73774260726589,0.023145924773893958,0.9918008199180082,0.0,1.1300531714164,0.0003694735732703105,0.0036951025070076095,0.11386943672076962,0.9668033196680332,0.001
20250605_144236_RID014,1,44.3400755225161,11.976507867501304,119.75488514511929,17.954733353403192,0.7238276172382762,1.5840000000000005,69900000.0,-1229827.8847510219,-12336958.66237105,3310253.5126386774,0.1982801719828017,0.0,0.0627925462555242,0.003994446976432462,0.03994846687229944,0.014456282391394864,0.9779022097790221,0.008000000000000007,-0.0471548603676473,-0.07613874396302324,-0.7614124739132018,0.02199774873524597,0.9917008299170083,0.0,1.15545419361653,-0.00022087011171102063,-0.002208924686155732,0.11422335737426673,0.9666033396660334,0.001
20250605_144336_RID014,0,,,,,,,,,,,,,,,,,,,,,,,,,,,,,,
20250605_144337_RID014,1,52.8066589367686,15.314055988127054,153.1294706077903,21.5529871667277,0.7245275472452755,1.8920000000000003,69900000.0,-1226470.6868261283,-12303383.32585637,3308894.185154857,0.20317968203179682,0.0,0.062792539273596,0.003994436734537796,0.03994836444311087,0.014456262957930602,0.9779022097790221,0.008000000000000007,-0.0438238045225338,-0.07280367881489898,-0.728062671440326,0.023673255050075167,0.9917008299170083,0.001,1.11910798137452,0.00061586091817522,0.00615922234326541,0.11410571710329313,0.9695030496950305,0.001
20250605_144437_RID014,1,52.7547965531335,15.301479470362235,153.00371878481613,21.536777443162077,0.7223277672232776,1.8909999999999991,69900000.0,-1242186.3434583566,-12460555.607843373,3314633.544167995,0.20317968203179682,0.0,0.0627935407841848,0.003996505079521992,0.039969049961297826,0.01446010672809907,0.9778022197780222,0.007000000000000117,-0.0438412379409966,-0.07295671924584718,-0.7295932200760624,0.023687904486629507,0.9917008299170083,0.001,1.11911033513005,0.0006141182571471846,0.006141793990371582,0.11384904246462145,0.9695030496950305,0.001
20250605_144534_RID014,1,45.9841488733929,12.59773193640454,125.96692502154512,18.652488634032917,0.7237276272372762,1.646,69900000.0,-1183792.6217163324,-11876559.996757593,3292786.9306922485,0.1982801719828017,0.0,0.0627924924599678,0.003994367866979176,0.03994767569865716,0.014456136778669922,0.9779022097790221,0.008000000000000007,-0.0471548603676473,-0.07508412466266826,-0.7508660315387277,0.022288125131578514,0.9917008299170083,0.0,1.14856793703908,-5.983653985868062e-05,-0.0005984279340949152,0.11419762610651045,0.9666033396660334,0.001
20250605_144637_RID014,1,52.723502252186,15.292615131396145,152.91508217796675,21.526560730834735,0.7195280471952805,1.8899999999999997,69900000.0,-1128253.7209773313,-11321115.450411275,3271048.348717419,0.20317968203179682,0.0,0.0627937498569267,0.003996435940172666,0.039968358498665195,0.01445994695955082,0.9778022197780222,0.008000000000000007,-0.0438424386925819,-0.07186487443261219,-0.7186736795038531,0.023535082322384843,0.9917008299170083,0.001,1.11911249189883,0.0006139992597849538,0.006140603897756114,0.11398294104045661,0.9695030496950305,0.001
20250605_144735_RID014,1,52.7293891055525,15.294058268567458,152.92951204939038,21.52830883125171,0.7195280471952805,1.8899999999999997,69900000.0,-1259522.8426282692,-12633937.936042698,3321261.687765269,0.20317968203179682,0.0,0.0627938495639826,0.003996725240559155,0.03997125179183048,0.014460500486262835,0.9778022197780222,0.008000000000000007,-0.0438434598144474,-0.07312686930089031,-0.731294889668921,0.023708226564991913,0.9917008299170083,0.001,1.11911216042621,0.0006138967537427574,0.006139578734830351,0.11391206781295515,0.9695030496950305,0.001
20250605_144835_RID014,1,52.2335307089506,15.067944154117066,150.66839271997034,21.30286161644157,0.7236276372362763,1.8709999999999996,69900000.0,-1245138.820735514,-12490083.333086021,3315827.3263322413,0.20317968203179682,0.0,0.0627925752970456,0.003994491668110902,0.03994891383377551,0.014456364419972655,0.9779022097790221,0.008000000000000007,-0.0444336539032119,-0.0732373723120093,-0.7323997350486812,0.02356105130300132,0.9918008199180082,0.0,1.1218571264815,0.0005548557696211662,0.005549109852591543,0.11408766840452692,0.9667033296670333,0.001
20250605_144935_RID014,1,52.7763715230804,15.3071439258496,153.06035821666032,21.543921366355825,0.7245275472452755,1.8909999999999991,69900000.0,-1236266.0421530597,-12401346.674484046,3312767.504031392,0.20317968203179682,0.0,0.0627932314607402,0.003995620697344892,0.03996020525514465,0.014458455805013242,0.9778022197780222,0.008000000000000007,-0.0438298187297852,-0.07290079865656385,-0.7290339639738317,0.023685000057230628,0.9917008299170083,0.001,1.11910921348048,0.0006152603813069938,0.006153216374063852,0.11400332342853252,0.9695030496950305,0.001
20250605_145035_RID014,1,51.6174234259492,14.816389520330777,148.15290288111515,21.041631748188394,0.7236276372362763,1.8489999999999993,69900000.0,-1212349.8841082535,-12162161.177885039,3303557.261823161,0.2004799520047995,0.0,0.0627925201407048,0.003994408248723966,0.039948079556486764,0.014456210271017213,0.9779022097790221,0.008000000000000007,-0.04504203445676,-0.07316975801845732,-0.7317232201885797,0.023396005048271145,0.9918008199180082,0.0,1.12453600669732,0.0004939997976288249,0.00494048927674945,0.11410150883115366,0.9668033196680332,0.001
20250605_145134_RID014,1,,,,,,,69900000.0,-1266486.5014664407,-12703581.488083422,3323840.8870062674,0.20317968203179682,0.0,0.0627939270257279,0.00399701926426165,0.039974192322879125,0.014461050666043926,0.9778022197780222,0.006999999999999673,-0.0438435646240499,-0.07319449247187866,-0.7319711889567877,0.02371592917807153,0.9917008299170083,0.001,1.11911438891502,0.0006138877170555012,0.006139488358921824,0.11385616656520677,0.9696030396960303,0.001
20250605_145135_RID014,0,52.6955414589926,15.284694782538208,152.83588474943508,21.517489775319206,0.716928307169283,1.8899999999999997,,,,,,,,,,,,,,,,,,,,,,,,
20250605_145335_RID014,0,,,,,,,,,,,,,,,,,,,,,,,,,,,,,,
20250605_145336_RID014,1,52.8422792834646,15.320926033151707,153.19816011790846,21.562738662620706,0.7245275472452755,1.8920000000000003,69900000.0,-1206508.793243829,-12103744.428135632,3301564.513128404,0.20317968203179682,0.0,0.0627925144153135,0.003994399422153551,0.03994799128195603,0.014456194841038657,0.9779022097790221,0.008000000000000007,-0.0438234038708632,-0.07261477873652694,-0.7261734819499751,0.023649326283427325,0.9917008299170083,0.001,1.11913954605156,0.0006158996038999786,0.006159609239173762,0.11410701503560014,0.9694030596940306,0.001
20250605_145436_RID014,1,52.6953811906766,15.285031637509164,152.8392537161338,21.517593131672896,0.7174282571742826,1.8899999999999997,69900000.0,-1230027.7843746217,-12338957.858448967,3310567.0459670746,0.20317968203179682,0.0,0.0627939154106939,0.0039968709036743676,0.03997270856864573,0.014460771486836955,0.9778022197780222,0.008000000000000007,-0.0438454113344525,-0.07284446912079139,-0.7284706044987013,0.023675233712058513,0.9917008299170083,0.001,1.11911419765771,0.0006137029630035242,0.006137640633653564,0.11389000946301016,0.9698030196980302,0.001
20250605_145533_RID014,0,,,,,,,,,,,,,,,,,,,,,,,,,,,,,,
20250605_145534_RID014,1,52.7188586715812,15.292610509485536,152.9150382760291,21.525224611838055,0.7195280471952805,1.8899999999999997,69900000.0,-1122341.185691898,-11261984.185030088,3268544.001166879,0.20317968203179682,0.0,0.0627921593932043,0.003993629233704979,0.039940288627281884,0.014454744104912806,0.9779022097790221,0.008000000000000007,-0.0438620670926175,-0.07181101966378285,-0.7181350681384109,0.023521401518806828,0.9917008299170083,0.001,1.1191119470119,0.0006120349802036653,0.006120959137713872,0.11427731492935958,0.9695030496950305,0.001
20250605_145636_RID014,1,,,,,,,,,,,,,0.0627925677102647,0.0039944793765337855,0.039948790905712774,0.014456342906553414,0.9779022097790221,0.008000000000000007,,,,,,,,,,,,
20250605_145637_RID014,0,52.6437429436555,15.275751811058186,152.7464719909211,21.502144839325876,0.7167283271672833,1.887999999999999,69900000.0,-1241367.836235802,-12452369.717138013,3314618.1089336993,0.20317968203179682,0.0,,,,,,,-0.0439065779957036,-0.07296311359546757,-0.7296571372897719,0.023675717118502974,0.9917008299170083,0.001,1.11911447069574,0.000607583541796937,0.006076440302317245,0.11410355828395123,0.9695030496950305,0.001
20250605_145735_RID014,0,,,,,,,,,,,,,,,,,,,,,,,,,,,,,,
20250605_145736_RID014,1,52.6937999554779,15.28592942603637,152.848233289812,21.517615043621632,0.7190280971902809,1.8890000000000002,69900000.0,-1260421.5500904687,-12642925.909376372,3321639.9503876013,0.20317968203179682,0.0,0.0627934351792223,0.0039963559019849946,0.039967558036750304,0.014459835466949572,0.9778022197780222,0.006999999999999673,-0.0438526746480541,-0.07313734385422906,-0.73139964107416,0.023707720596665913,0.9917008299170083,0.001,1.11911356679755,0.0006129763054266181,0.006130373331245406,0.11385193990255302,0.9695030496950305,0.001
20250605_145835_RID014,0,,,,,,,,,,,,,,,,,,,,,,,,,,,,,,
20250605_145836_RID014,1,5.08655524244779e-06,1.1608853932455113e-06,1.1607471540227135e-05,1.3336923220091256e-06,1.0,3.6419999999999995,69900000.0,-1254014.60194769,-12578850.048416037,3323673.188252329,0.20587941205879412,0.0,0.0627926147762423,0.003994548190231297,0.039949479111515494,0.014456479991564302,0.9779022097790221,0.008000000000000007,-0.0471548603676473,-0.08812484076999376,-0.8812641218968488,0.019692643191133927,0.9916008399160084,0.0,1.28068133026075,-0.004481680603685436,-0.044821290317842245,0.11488917960160853,0.9682031796820318,0.001
20250605_145937_RID014,1,52.7768406892875,15.307672297562515,153.06564222757808,21.544099652215046,0.7245275472452755,1.8909999999999991,69900000.0,-1243977.4567090305,-12478468.531461373,3315518.542053237,0.20317968203179682,0.0,0.0627925730953644,0.003994487992974788,0.03994887707873923,0.014456358199045932,0.9779022097790221,0.008000000000000007,-0.0438368913884098,-0.07297560725542239,-0.7297821212313929,0.023691980862593467,0.9917008299170083,0.001,1.11910890356738,0.0006145525274426876,0.006146137127585044,0.11410342973502785,0.9695030496950305,0.001
20250605_150137_RID014,1,52.6913048522914,15.284411555177094,152.8330543109,21.51641922894073,0.7175282471752825,1.8890000000000002,69900000.0,-1243855.584186978,-12477249.684374658,3315564.789502273,0.20317968203179682,0.0,0.0627925729870014,0.003994487519120344,0.03994887233972095,0.01445635802011413,0.9779022097790221,0.008000000000000007,-0.0438507200980168,-0.07297792089546343,-0.729805253041364,0.023689609835522363,0.9917008299170083,0.001,1.11911415660984,0.0006131718496481575,0.006132328968999586,0.11410158624024784,0.9695030496950305,0.001
20250605_150236_RID014,0,,,,,,,,,,,,,,,,,,,,,,,,,,,,,,
20250605_150237_RID014,1,52.7362129942326,15.295270323826966,152.94163040209634,21.530320505520343,0.7195280471952805,1.8909999999999991,69900000.0,-1259145.4848339942,-12630163.980738964,3321046.584417292,0.20317968203179682,0.0,0.0627926135314092,0.00399455108486028,0.03994950806068605,0.014456474912265373,0.9779022097790221,0.008000000000000007,-0.043836254254452,-0.07312170524747538,-0.7312432475751811,0.02370881130224291,0.9917008299170083,0.001,1.11911212150839,0.0006146175741938316,0.006146787660142713,0.11409870611651927,0.9695030496950305,0.001
20250605_150335_RID014,1,,,,,,,,,,,,,0.0627925636134322,0.003994473487741988,0.039948732011906,0.01445633118568969,0.9779022097790221,0.008000000000000007,,,,,,,,,,,,
20250605_150336_RID014,0,52.8328696841571,15.316420354892577,153.15310353443857,21.5582660186706,0.7245275472452755,1.8929999999999998,69900000.0,-1239457.13599991,-12433260.804039545,3313834.0335423695,0.20317968203179682,0.0,,,,,,,-0.0438370516389016,-0.07293686555464092,-0.7293946653904134,0.02368602012465067,0.9917008299170083,0.001,1.11919720791997,0.0006145342364930666,0.0061459541997393695,0.11410248091066218,0.9695030496950305,0.001
20250605_150458_RID014,1,,,,,,,,,,,,,0.0627925577798764,0.003994463942622756,0.039948636551168565,0.01445631488203996,0.9779022097790221,0.008000000000000007,,,,,,,,,,,,
20250605_150459_RID014,0,52.7002885229226,15.28674063666628,152.85634296303803,21.519408616090953,0.7186281371862814,1.8899999999999997,69900000.0,-1236119.8995121438,-12399885.101938497,3312831.023372597,0.20317968203179682,0.0,,,,,,,-0.0438434154778454,-0.07290316682504547,-0.7290576412374116,0.023682805770828944,0.9917008299170083,0.001,1.11911372663569,0.0006139026361049242,0.006139637564335167,0.11410264222607507,0.9695030496950305,0.001
20250605_150543_RID014,1,52.7131448562478,15.290413409259596,152.8930679335771,21.523495763837897,0.7195280471952805,1.8899999999999997,69900000.0,-1172810.885243583,-11766731.650239993,3288793.7164889984,0.20317968203179682,0.0,0.0627907861044444,0.003991559855680762,0.03991959277766169,0.014450939098042124,0.9779022097790221,0.008000000000000007,-0.0438467063714697,-0.07229471192083926,-0.7229724820904574,0.02360114291123209,0.9917008299170083,0.001,1.11911279716293,0.0006135726714859155,0.006136337588188583,0.1141291383641895,0.9695030496950305,0.001
20250605_150635_RID014,1,,,,,,,,,,,,,0.0627937946085176,0.003996627926285288,0.03997027855177754,0.014460320440821734,0.9778022197780222,0.008000000000000007,,,,,,,,,,,,
20250605_150636_RID014,0,52.752132301089,15.30080770442652,152.99700178581907,21.535890849811295,0.722027797220278,1.8909999999999991,69900000.0,-1235768.9557358027,-12396375.313231047,3312565.8960204218,0.20317968203179682,0.0,,,,,,,-0.0438434068696629,-0.07289806746066883,-0.7290066424874702,0.023681679131094546,0.9917008299170083,0.001,1.11911045230791,0.0006139012741097019,0.006139623943019295,0.11391814974395918,0.9695030496950305,0.001
20250605_150735_RID014,0,,,,,,,,,,,,,,,,,,,,,,,,,,,,,,
20250605_150736_RID014,1,52.781845597573,15.308630186932723,153.07521957671537,21.545579860644366,0.7245275472452755,1.8909999999999991,69900000.0,-1231378.9090719097,-12352470.456540706,3310811.3282184065,0.20317968203179682,0.0,0.0627939027112575,0.003996845025861481,0.03997244976463903,0.014460722126558365,0.9778022197780222,0.008000000000000007,-0.0438328291498181,-0.07285283686326273,-0.7285542965711973,0.023677882250101062,0.9917008299170083,0.001,1.11910882812279,0.0006149588455292659,0.00615020071475843,0.11389483611662997,0.9698030196980302,0.001
20250605_150835_RID014,1,49.748250318883,14.073911817969092,140.72831796634944,20.25458185522262,0.7237276272372762,1.782000000000001,69900000.0,-1128133.2848442676,-11319910.968686765,3270670.2271804693,0.1982801719828017,0.0,0.0627931267975026,0.003995593490544656,0.039959933159935505,0.0144584025677078,0.9778022197780222,0.006999999999999673,-0.046889739392492,-0.07309358426022651,-0.730960482231644,0.022935956227232917,0.9918008199180082,0.0,1.13241806726539,0.0003091781059400338,0.0030920875384277003,0.11398425680064339,0.9667033296670333,0.001
20250605_150934_RID014,0,,,,,,,,,,,,,,,,,,,,,,,,,,,,,,
20250605_150935_RID014,1,52.7501127443781,15.298458537446777,152.97350877663303,21.534442459355795,0.7195280471952805,1.8909999999999991,69900000.0,-1265636.3052755245,-12695078.67597377,3323394.766090134,0.20317968203179682,0.0,0.0627930268967814,0.0039957698073662725,0.03996169650446847,0.014458758187884004,0.9778022197780222,0.007000000000000117,-0.0438344218252105,-0.07318315922682268,-0.7318578497362258,0.023716179355612935,0.9917008299170083,0.001,1.11911153632176,0.0006148002743671818,0.006148614844570722,0.11385912884653178,0.9695030496950305,0.001
20250605_151038_RID014,1,52.7057074338507,15.289710912684402,152.88604598403975,21.52132352586238,0.7195280471952805,1.8890000000000002,69900000.0,-1267936.1599384933,-12718079.522472013,3324044.464631253,0.20317968203179682,0.0,0.0627938697005408,0.003996762358384267,0.03997162300719944,0.014460567949047362,0.9778022197780222,0.008000000000000007,-0.0438659338134661,-0.0732096132477572,-0.7321224006398546,0.023711313740130965,0.9917008299170083,0.001,1.11911239341803,0.0006116486420749112,0.006117095370098359,0.11391021800724746,0.9698030196980302,0.001
20250605_151138_RID014,1,,,,,,,,,,,,,0.0627937372978486,0.003996517633912126,0.03996917551775357,0.014460114960637803,0.9778022197780222,0.008000000000000007,,,,,,,,,,,,
20250605_151139_RID014,0,49.3025747315274,13.893019921681406,138.91944094936997,20.06336275074537,0.7237276272372762,1.766000000000001,69900000.0,-1244677.415607001,-12485468.820442442,3315596.90379734,0.19838016198380162,0.0,,,,,,,-0.0471548603676473,-0.07439246834913336,-0.7439504040590245,0.022947010622657416,0.9918008199180082,0.0,1.13439843548907,0.00026559330900251103,0.0026561959842444165,0.11396513087368153,0.9667033296670333,0.001
20250605_151235_RID014,1,,,,,,,,,,,,,0.0627936272108446,0.003996317201435243,0.039967170992552266,0.014459744232097097,0.9777022297770223,0.008000000000000007,,,,,,,,,,,,
20250605_151236_RID014,1,46.7609260402202,12.893503795757397,128.9245509983496,18.981013363941035,0.7237276272372762,1.6740000000000004,69900000.0,-1237976.5091111683,-12418453.054586256,3313223.60593256,0.19838016198380162,0.0,,,,,,,-0.0471548603676473,-0.075313237470406,-0.753157770044509,0.022444398086298188,0.9917008299170083,0.0,1.14533068316746,1.6418953808617734e-05,0.00016420325802198987,0.11402553599511607,0.9667033296670333,0.001
20250605_151337_RID014,1,,,,,,,,,,,,,0.0627925149149264,0.003994400351080619,0.03994800057215566,0.01445619618010799,0.9779022097790221,0.008000000000000007,,,,,,,,,,,,
20250605_151338_RID014,0,49.0268099254242,13.776505791838948,137.7543210192186,19.942126303952456,0.7237276272372762,1.7560000000000011,69900000.0,-1207159.8627168455,-12110255.773976626,3301684.6169461454,0.1982801719828017,0.0,,,,,,,-0.0471548603676473,-0.07414653970573895,-0.7414907382851521,0.022869108555536716,0.9918008199180082,0.0,1.13571560580068,0.00023891371998967795,0.002389373414460513,0.11414590842887146,0.9668033196680332,0.001
20250605_151433_RID014,0,,,,,,,,,,,,,,,,,,,,,,,,,,,,,,
20250605_151434_RID014,1,52.8103131671265,15.314897600915474,153.1378857501721,21.55408374611142,0.7245275472452755,1.8920000000000003,69900000.0,-1238964.066874922,-12428329.619723994,3313642.005101344,0.20317968203179682,0.0,0.0627925625626846,0.003994471890780016,0.039948716040689315,0.014456328302249938,0.9779022097790221,0.008000000000000007,-0.0438231078622801,-0.0729247160704415,-0.7292731653808625,0.02368873314278207,0.9917008299170083,0.001,1.11910782581585,0.0006159304823453072,0.0061599180545282165,0.11410451962896556,0.9695030496950305,0.001
20250605_151536_RID014,1,52.7545516826895,15.302544329090814,153.0143685593959,21.537227620004792,0.7238276172382762,1.8909999999999991,69900000.0,-1246497.3563175288,-12503670.047450405,3315249.170794411,0.20317968203179682,0.0,0.0627939010995555,0.003996980251505268,0.03997380215630257,0.01446097304255082,0.9778022197780222,0.007000000000000117,-0.043846704845867,-0.07299162827233431,-0.7299423425150859,0.023686067083995933,0.9917008299170083,0.001,1.11910975363695,0.000613571336960107,0.00613632424159558,0.11385527806942587,0.9697030296970303,0.001
20250605_151635_RID014,1,40.7858652387829,10.54021388871419,105.3922861684112,16.31418004397874,0.738026197380262,1.4449999999999994,69900000.0,-1222890.583425261,-12267578.711796489,3307514.950898507,0.1982801719828017,0.0,0.0627927289872965,0.003994759855757666,0.03995159597843083,0.014456861511786795,0.9779022097790221,0.008000000000000007,-0.0471548603676473,-0.07748398307862923,-0.7748644796472446,0.021364941028535,0.9917008299170083,0.0,1.17214930817722,-0.0005669677284668652,-0.005670246951400573,0.11432721633228732,0.9652034796520348,0.001
20250605_151735_RID014,0,,,,,,,,,,,,,,,,,,,,,,,,,,,,,,
20250605_151736_RID014,1,52.7542131284413,15.301307049530388,153.0019946957892,21.536571421394754,0.7222277772222778,1.8909999999999991,69900000.0,-1213464.5783234742,-12173309.234729562,3304269.4802964185,0.20317968203179682,0.0,0.0627938802242759,0.003996802945308355,0.03997202891702724,0.014460645090044182,0.9778022197780222,0.008000000000000007,-0.0438415956077654,-0.07268335439850378,-0.7268592980588557,0.02365530331213004,0.9917008299170083,0.001,1.11911037785679,0.0006140824756654483,0.006141436139773674,0.11389683938314232,0.9698030196980302,0.001
20250605_151835_RID014,1,52.7061099571919,15.288552920941656,152.8744647073589,21.521407938234585,0.7195280471952805,1.8899999999999997,69900000.0,-1178839.6034534134,-11827024.86105477,3291160.8464009906,0.20317968203179682,0.0,0.0627939583217231,0.003997034845306268,0.039974348148906366,0.014461078185023929,0.9778022197780222,0.008000000000000007,-0.0438425596976236,-0.07235180150252148,-0.7235434370742103,0.023610332069911498,0.9917008299170083,0.001,1.11911326524116,0.0006139880998348182,0.006140492287095641,0.11385397024079125,0.9697030296970303,0.001
20250605_151936_RID014,1,52.6962444872262,15.286198871409459,152.85092679072238,21.518275359638356,0.7188281171882812,1.8890000000000002,69900000.0,-1166202.9656847194,-11700645.846732877,3286239.568283288,0.20317968203179682,0.0,0.0627924801369105,0.003994350101407788,0.03994749802517766,0.014456105948444318,0.9779022097790221,0.008000000000000007,-0.0438490153270304,-0.07223203807023681,-0.7223456797591153,0.023591372483677143,0.9917008299170083,0.001,1.11911365851641,0.0006133424011446627,0.006134034654512455,0.11410504987538159,0.9695030496950305,0.001
20250605_152035_RID014,1,,,,,,,69900000.0,-1130980.5952842743,-11348386.946089381,3277303.7596199457,0.20587941205879412,0.0,0.0627936363131041,0.003996156552329527,0.039965564340859024,0.014459438243719171,0.9777022297770223,0.008000000000000007,-0.0471548603676473,-0.08694554086026024,-0.8694699523606444,0.020382611060322416,0.9916008399160084,0.0,1.28068134413933,-0.004479908572808917,-0.0448035682316457,0.11482103152902229,0.9682031796820318,0.001
20250605_152036_RID014,1,5.09537542625982e-06,1.1658657138804437e-06,1.1657275316805189e-05,1.3352936461030055e-06,1.0,3.6450000000000005,,,,,,,,,,,,,,,,,,,,,,,,
20250605_152136_RID014,1,,,,,,,,,,,,,0.0627930836647158,0.0039958550275869375,0.03996254879189532,0.014458912407863313,0.9778022197780222,0.007000000000000117,,,,,,,,,,,,
20250605_152137_RID014,0,51.5305745103268,14.780791109921198,147.79692660306677,21.004650301586363,0.7236276372362763,1.8459999999999992,69900000.0,-1268314.840820177,-12721866.709961528,3323851.868049595,0.20007999200079993,0.0,,,,,,,-0.0451275492795059,-0.07374022664951463,-0.7374284341937649,0.023429033188058685,0.9918008199180082,0.0,1.12491787392547,0.00048544584926807116,0.004854941239197305,0.11385555651086836,0.9668033196680332,0.001
20250605_152237_RID014,0,,,,,,,,,,,,,,,,,,,,,,,,,,,,,,
20250605_152238_RID014,1,52.7523054304787,15.304904026597798,153.03796901728933,21.53708129902595,0.7245275472452755,1.8899999999999997,69900000.0,-1201529.6656832092,-12053948.173433892,3299558.9790734644,0.20317968203179682,0.0,0.0627936580390928,0.003996672861124919,0.039970727945108725,0.014460415050321232,0.9778022197780222,0.006999999999999673,-0.0438881590503588,-0.07257444381472693,-0.7257700600101319,0.023630123999755125,0.9917008299170083,0.001,1.11910798493425,0.0006094228672723313,0.0060948353963508565,0.11384537562842059,0.9696030396960303,0.001
20250605_152336_RID014,1,49.4677107358133,13.950866657472398,139.49788358601353,20.12903187380546,0.7237276272372762,1.7720000000000002,69900000.0,-1258756.0862424313,-12626269.605451047,3320782.387903824,0.1982801719828017,0.0,0.0627939328751946,0.003996896579855263,0.03997296535613089,0.014460817110956956,0.9778022197780222,0.008000000000000007,-0.0471548603676473,-0.07447047463264429,-0.7447306283676675,0.022989012651463303,0.9918008199180082,0.0,1.13383317767798,0.0002822850899098816,0.0028231304849994517,0.11392615350027409,0.9671032896710329,0.001
20250605_152437_RID014,1,52.6980495117939,15.28577680739487,152.84670482600018,21.518502762778528,0.7178282171782822,1.8899999999999997,69900000.0,-1266985.5096481005,-12708572.068908209,3324009.970464207,0.20317968203179682,0.0,0.0627933055236312,0.003996173929159113,0.03996573812651867,0.014459501437571345,0.9778022197780222,0.007000000000000117,-0.0438434851401625,-0.07319902636011022,-0.732016532412749,0.023716463010162784,0.9917008299170083,0.001,1.11911403596924,0.0006138956678045421,0.006139567874363317,0.11385403271495656,0.9695030496950305,0.001
20250605_152539_RID014,0,,,,,,,,,,,,,,,,,,,,,,,,,,,,,,
20250605_152540_RID014,1,49.1085611319493,13.820360788632955,138.1928739665522,19.983452926111706,0.7237276272372762,1.7590000000000003,69900000.0,-1220397.0962183517,-12242641.346245166,3306610.742337946,0.1982801719828017,0.0,0.0627925316502668,0.003994425254366575,0.03994824962991852,0.014456241789203569,0.9779022097790221,0.008000000000000007,-0.0471548603676473,-0.07423139091834001,-0.7423393719622275,0.022893277761592824,0.9918008199180082,0.0,1.13515140701512,0.0002462529565477797,0.002462773119398378,0.11414422229893573,0.9666033396660334,0.001
20250605_152638_RID014,1,52.6852808425155,15.284554719489146,152.8344891091897,21.51513052013897,0.7191280871912809,1.8890000000000002,69900000.0,-1244285.6062340955,-12481550.334873382,3315780.3090661434,0.20317968203179682,0.0,0.0627925742027248,0.003994489271961089,0.03994888986988123,0.014456361400239648,0.9779022097790221,0.008000000000000007,-0.0438634240464911,-0.07298462903052019,-0.7298723347446022,0.02368793749453742,0.9917008299170083,0.001,1.11911352979485,0.0006119008838650102,0.006119618040235244,0.11410200696220893,0.9694030596940306,0.001
20250605_152734_RID014,0,,,,,,,,,,,,,,,,,,,,,,,,,,,,,,
20250605_152735_RID014,1,33.1191579224645,7.9784598961020885,79.77601784195576,13.108220676042842,0.7724227577242275,1.1600000000000001,69900000.0,-1246418.3484592112,-12502879.889844801,3316383.272824937,0.1982801719828017,0.0,0.0627925788124669,0.0039944967164000774,0.03994896432171554,0.014456374498844904,0.9779022097790221,0.008000000000000007,-0.0471548603676473,-0.0802300851695747,-0.8023245206751649,0.020278146911831076,0.9917008299170083,0.0,1.20212660632099,-0.0013120899413054932,-0.013122214202304259,0.11448305933989725,0.9651034896510349,0.001
20250605_152836_RID014,0,,,,,,,,,,,,,,,,,,,,,,,,,,,,,,
20250605_152837_RID014,1,52.8160597894822,15.31687298752217,153.15763871831444,21.555866333823193,0.7245275472452755,1.8920000000000003,69900000.0,-1145475.2359488625,-11493347.821636587,3277634.3126187003,0.20317968203179682,0.0,0.0627921686027349,0.003993641733474648,0.03994041363747833,0.014454765303755375,0.9779022097790221,0.008000000000000007,-0.0438330501172894,-0.07202622070297873,-0.720287308234382,0.02356145200738385,0.9917008299170083,0.001,1.11910825122043,0.0006149352848314072,0.006149965084216004,0.11427891232624646,0.9695030496950305,0.001
20250605_152936_RID014,1,,,,,,,,,,,,,0.0627937973354299,0.003996860520958567,0.03997260473110499,0.014460759421286247,0.9778022197780222,0.007000000000000117,,,,,,,,,,,,
20250605_152937_RID014,0,52.8294819350718,15.319262683183384,153.1815313535495,21.559794627243182,0.7245275472452755,1.8929999999999998,69900000.0,-1190224.1746022939,-11940881.957103532,3295367.13405149,0.20317968203179682,0.0,,,,,,,-0.0438198815716444,-0.07245543838989063,-0.7245799209082706,0.02362905217269078,0.9917008299170083,0.001,1.11910878189012,0.0006162525696130076,0.0061631392492810105,0.11384442604398419,0.9696030396960303,0.001
20250605_153037_RID014,1,52.6831572007442,15.282662303871291,152.81556412241642,21.513861642739297,0.7170282971702829,1.8890000000000002,69900000.0,-1203734.7074887664,-12076000.796519404,3300693.88360279,0.20317968203179682,0.0,0.0627925115984643,0.003994394684990488,0.039947943905588264,0.014456187425771552,0.9779022097790221,0.008000000000000007,-0.0438590561908038,-0.07259427809195496,-0.725968437193155,0.023640177859590192,0.9917008299170083,0.001,1.11911435823592,0.0006123378689221811,0.006123988327780803,0.11410538597399704,0.9695030496950305,0.001
20250605_153134_RID014,1,,,,,,,,,,,,,0.0627939343469925,0.003997017264042004,0.039974172318695864,0.014461057436816565,0.9778022197780222,0.007000000000000117,,,,,,,,,,,,
20250605_153135_RID014,1,5.08878096098828e-06,1.1613548328155473e-06,1.1612165292507795e-05,1.334247777293365e-06,1.0,3.641,69900000.0,-1254989.0219747524,-12588595.222079404,3324408.2628424857,0.20587941205879412,0.0,,,,,,,-0.0471548603676473,-0.08813559270570454,-0.8813716575461922,0.019683034432942434,0.9916008399160084,0.0,1.28068133010221,-0.00448057265451353,-0.044810209714798134,0.11464652942100012,0.9684031596840316,0.001
20250605_153236_RID014,1,43.9889105273961,11.685514759384661,116.8448386533423,17.65773061391656,0.7237276272372762,1.564,69900000.0,-1244499.623743739,-12483690.72401216,3315604.1471885717,0.1982801719828017,0.0,0.0627939422089945,0.003997026505115526,0.03997426473865876,0.014461061982564343,0.9778022197780222,0.008000000000000007,-0.0471548603676473,-0.07656598714015604,-0.7656851600641645,0.021885253697026413,0.9917008299170083,0.0,1.1592805454521,-0.0002554393632613305,-0.0025546517710618695,0.11405584641900483,0.9655034496550345,0.001
20250605_153433_RID014,0,,,,,,,,,,,,,,,,,,,,,,,,,,,,,,
20250605_153434_RID014,1,52.8260619758612,15.318728130394316,153.17618700108562,21.55879360545072,0.7245275472452755,1.8929999999999998,69900000.0,-1252601.1018356066,-12564713.606366038,3318651.248588082,0.20317968203179682,0.0,0.0627925939986196,0.003994520486365159,0.03994920204513632,0.014456418039648157,0.9779022097790221,0.008000000000000007,-0.043824716324069,-0.07305641453375972,-0.7305902809043993,0.02370378306785042,0.9917008299170083,0.001,1.1191090022894,0.0006157688767769301,0.0061583018372398934,0.11410254251689249,0.9695030496950305,0.001
20250605_153536_RID014,1,52.7589049480408,15.301143236195392,153.0003540527161,21.537506484645924,0.720927907209279,1.8909999999999991,69900000.0,-1213959.3664957827,-12178257.611236326,3304487.1416267813,0.20317968203179682,0.0,0.0627925235399872,0.003994412554495471,0.03994812261850759,0.014456219707970598,0.9779022097790221,0.008000000000000007,-0.0438315638075164,-0.07268708089002128,-0.7268965717190229,0.02365803894330287,0.9917008299170083,0.001,1.11911088233946,0.0006150860753626535,0.006151473140319107,0.1141058766104816,0.9695030496950305,0.001
20250605_153636_RID014,0,,,,,,,,,,,,,,,,,,,,,,,,,,,,,,
20250605_153637_RID014,1,38.1674696670631,9.63356718400704,96.32622167242089,15.215119727645655,0.7498250174982501,1.3479999999999999,69900000.0,-1162299.765733669,-11661609.944060097,3284459.1478669452,0.1982801719828017,0.0,0.0627933180044351,0.003996191810830231,0.039965916961111535,0.014459528295918709,0.9778022197780222,0.006999999999999673,-0.0471548603676473,-0.07779332899271249,-0.777956976163792,0.021039472140003335,0.9917008299170083,0.0,1.18258604693819,-0.000821336331466221,-0.00821418734999573,0.11413492198869886,0.9652034796520348,0.001
20250605_153735_RID014,1,52.6865342731783,15.255247055186217,152.54138253178078,21.495575584584795,0.7237276272372762,1.8869999999999996,69900000.0,-1184233.170934945,-11880965.929426722,3293032.215889161,0.20317968203179682,0.0,0.0627924928995317,0.003994368438993399,0.03994768141937135,0.014456137911786567,0.9779022097790221,0.008000000000000007,-0.043986524093484,-0.0724676517346813,-0.7247019832094974,0.02358549948148019,0.9918008199180082,0.001,1.1198589336947,0.0005995822317346273,0.005996419200162468,0.11408819912569962,0.9683031696830317,0.001
20250605_153836_RID014,1,51.9291610344556,14.942563847954814,149.41461646287888,21.17332745038816,0.7236276372362763,1.8600000000000003,69900000.0,-1125156.995807821,-11290145.101986429,3269077.8532505925,0.20187981201879812,0.0,0.0627921737520456,0.003993652486083376,0.039940521174318226,0.014454785367531404,0.9779022097790221,0.008000000000000007,-0.0447337259809932,-0.07220404999501757,-0.7220653284610038,0.023347300647837552,0.9918008199180082,0.0,1.1231978418879,0.0005248396826121261,0.005248918966429651,0.1142670168791156,0.9669033096690332,0.001
20250605_153935_RID014,1,43.8748485229583,11.644360731992599,116.4333142563965,17.61010537948381,0.7242275772422758,1.5590000000000002,69900000.0,-1146245.476398811,-11501050.996416438,3278070.9676594264,0.1982801719828017,0.0,0.0627921709774082,0.003993644936168986,0.03994044566762442,0.014454771892615821,0.9779022097790221,0.008000000000000007,-0.0471548603676473,-0.07566256793437935,-0.7566500089972649,0.02188210759450927,0.9917008299170083,0.0,1.1597346544282,-0.00026655623699076576,-0.002665831625223534,0.11447689737331423,0.9653034696530347,0.001
20250605_154036_RID014,0,,,,,,,,,,,,,,,,,,,,,,,,,,,,,,
20250605_154037_RID014,1,52.7295601437676,15.293753817258207,152.92646714632744,21.528349318439854,0.7195280471952805,1.8899999999999997,69900000.0,-1255479.8757041031,-12593504.223831393,3319799.0711176847,0.20317968203179682,0.0,0.0627937177781153,0.003996476886944046,0.03996876800732579,0.01446004054074036,0.9778022197780222,0.008000000000000007,-0.0438371751206753,-0.07308699832051802,-0.7308961431395353,0.023705108279870424,0.9917008299170083,0.001,1.11911239499098,0.000614525754343488,0.006145869369822085,0.11393481454404407,0.9695030496950305,0.001
20250605_154136_RID014,1,5.09488229771568e-06,1.1650552054210939e-06,1.1649169668267501e-05,1.3352988528335393e-06,1.0,3.644,69900000.0,-1161216.1198068417,-11650772.426482078,3289482.1766318316,0.20587941205879412,0.0,0.0627924885795289,0.003994324770952802,0.03994724469531024,0.014456084769204599,0.9779022097790221,0.008000000000000007,-0.0471548603676473,-0.08723739724082244,-0.8723888098050121,0.02021862841840616,0.9916008399160084,0.0,1.2806813403592,-0.004479552135411886,-0.04480000350019536,0.11490134868201003,0.9681031896810319,0.001
Position_20250605_134320_RID014,0,,,,,,,,,,,,,,,,,,,,,,,,,,,,,,
Position_20250605_134405_RID014,0,,,,,,,,,,,,,,,,,,,,,,,,,,,,,,
Position_20250605_134448_RID014,0,,,,,,,,,,,,,,,,,,,,,,,,,,,,,,
Position_20250605_134535_RID014,0,,,,,,,,,,,,,,,,,,,,,,,,,,,,,,
Position_20250605_134636_RID014,0,,,,,,,,,,,,,,,,,,,,,,,,,,,,,,
Position_20250605_134735_RID014,0,,,,,,,,,,,,,,,,,,,,,,,,,,,,,,
Position_20250605_134836_RID014,0,,,,,,,,,,,,,,,,,,,,,,,,,,,,,,
Position_20250605_134936_RID014,0,,,,,,,,,,,,,,,,,,,,,,,,,,,,,,
Position_20250605_135136_RID014,0,,,,,,,,,,,,,,,,,,,,,,,,,,,,,,
Position_20250605_135237_RID014,0,,,,,,,,,,,,,,,,,,,,,,,,,,,,,,
Position_20250605_135336_RID014,0,,,,,,,,,,,,,,,,,,,,,,,,,,,,,,
Position_20250605_135437_RID014,0,,,,,,,,,,,,,,,,,,,,,,,,,,,,,,
Position_20250605_135536_RID014,0,,,,,,,,,,,,,,,,,,,,,,,,,,,,,,
Position_20250605_135637_RID014,0,,,,,,,,,,,,,,,,,,,,,,,,,,,,,,
Position_20250605_135736_RID014,0,,,,,,,,,,,,,,,,,,,,,,,,,,,,,,
Position_20250605_135835_RID014,0,,,,,,,,,,,,,,,,,,,,,,,,,,,,,,
Position_20250605_135938_RID014,0,,,,,,,,,,,,,,,,,,,,,,,,,,,,,,
Position_20250605_140136_RID014,0,,,,,,,,,,,,,,,,,,,,,,,,,,,,,,
Position_20250605_140236_RID014,0,,,,,,,,,,,,,,,,,,,,,,,,,,,,,,
Position_20250605_140337_RID014,0,,,,,,,,,,,,,,,,,,,,,,,,,,,,,,
Position_20250605_140436_RID014,0,,,,,,,,,,,,,,,,,,,,,,,,,,,,,,
Position_20250605_140536_RID014,0,,,,,,,,,,,,,,,,,,,,,,,,,,,,,,
Position_20250605_140638_RID014,0,,,,,,,,,,,,,,,,,,,,,,,,,,,,,,
Position_20250605_140735_RID014,0,,,,,,,,,,,,,,,,,,,,,,,,,,,,,,
Position_20250605_140937_RID014,0,,,,,,,,,,,,,,,,,,,,,,,,,,,,,,
Position_20250605_141034_RID014,0,,,,,,,,,,,,,,,,,,,,,,,,,,,,,,
Position_20250605_141136_RID014,0,,,,,,,,,,,,,,,,,,,,,,,,,,,,,,
Position_20250605_141235_RID014,0,,,,,,,,,,,,,,,,,,,,,,,,,,,,,,
Position_20250605_141337_RID014,0,,,,,,,,,,,,,,,,,,,,,,,,,,,,,,
Position_20250605_141437_RID014,0,,,,,,,,,,,,,,,,,,,,,,,,,,,,,,
Position_20250605_141638_RID014,0,,,,,,,,,,,,,,,,,,,,,,,,,,,,,,
Position_20250605_141736_RID014,0,,,,,,,,,,,,,,,,,,,,,,,,,,,,,,
Position_20250605_141838_RID014,0,,,,,,,,,,,,,,,,,,,,,,,,,,,,,,
Position_20250605_141933_RID014,0,,,,,,,,,,,,,,,,,,,,,,,,,,,,,,
Position_20250605_142035_RID014,0,,,,,,,,,,,,,,,,,,,,,,,,,,,,,,
Position_20250605_142136_RID014,0,,,,,,,,,,,,,,,,,,,,,,,,,,,,,,
Position_20250605_142235_RID014,0,,,,,,,,,,,,,,,,,,,,,,,,,,,,,,
Position_20250605_142335_RID014,0,,,,,,,,,,,,,,,,,,,,,,,,,,,,,,
Position_20250605_142435_RID014,0,,,,,,,,,,,,,,,,,,,,,,,,,,,,,,
Position_20250605_142638_RID014,0,,,,,,,,,,,,,,,,,,,,,,,,,,,,,,
Position_20250605_142736_RID014,0,,,,,,,,,,,,,,,,,,,,,,,,,,,,,,
Position_20250605_142836_RID014,0,,,,,,,,,,,,,,,,,,,,,,,,,,,,,,
Position_20250605_142934_RID014,0,,,,,,,,,,,,,,,,,,,,,,,,,,,,,,
Position_20250605_143034_RID014,0,,,,,,,,,,,,,,,,,,,,,,,,,,,,,,
Position_20250605_143139_RID014,0,,,,,,,,,,,,,,,,,,,,,,,,,,,,,,
Position_20250605_143336_RID014,0,,,,,,,,,,,,,,,,,,,,,,,,,,,,,,
Position_20250605_143534_RID014,0,,,,,,,,,,,,,,,,,,,,,,,,,,,,,,
Position_20250605_143735_RID014,0,,,,,,,,,,,,,,,,,,,,,,,,,,,,,,
Position_20250605_143835_RID014,0,,,,,,,,,,,,,,,,,,,,,,,,,,,,,,
Position_20250605_143936_RID014,0,,,,,,,,,,,,,,,,,,,,,,,,,,,,,,
Position_20250605_144035_RID014,0,,,,,,,,,,,,,,,,,,,,,,,,,,,,,,
Position_20250605_144135_RID014,0,,,,,,,,,,,,,,,,,,,,,,,,,,,,,,
Position_20250605_144236_RID014,0,,,,,,,,,,,,,,,,,,,,,,,,,,,,,,
Position_20250605_144337_RID014,0,,,,,,,,,,,,,,,,,,,,,,,,,,,,,,
Position_20250605_144437_RID014,0,,,,,,,,,,,,,,,,,,,,,,,,,,,,,,
Position_20250605_144534_RID014,0,,,,,,,,,,,,,,,,,,,,,,,,,,,,,,
Position_20250605_144637_RID014,0,,,,,,,,,,,,,,,,,,,,,,,,,,,,,,
Position_20250605_144735_RID014,0,,,,,,,,,,,,,,,,,,,,,,,,,,,,,,
Position_20250605_144835_RID014,0,,,,,,,,,,,,,,,,,,,,,,,,,,,,,,
Position_20250605_144935_RID014,0,,,,,,,,,,,,,,,,,,,,,,,,,,,,,,
Position_20250605_145035_RID014,0,,,,,,,,,,,,,,,,,,,,,,,,,,,,,,
Position_20250605_145134_RID014,0,,,,,,,,,,,,,,,,,,,,,,,,,,,,,,
Position_20250605_145336_RID014,0,,,,,,,,,,,,,,,,,,,,,,,,,,,,,,
Position_20250605_145436_RID014,0,,,,,,,,,,,,,,,,,,,,,,,,,,,,,,
Position_20250605_145534_RID014,0,,,,,,,,,,,,,,,,,,,,,,,,,,,,,,
Position_20250605_145637_RID014,0,,,,,,,,,,,,,,,,,,,,,,,,,,,,,,
Position_20250605_145736_RID014,0,,,,,,,,,,,,,,,,,,,,,,,,,,,,,,
Position_20250605_145836_RID014,0,,,,,,,,,,,,,,,,,,,,,,,,,,,,,,
Position_20250605_145937_RID014,0,,,,,,,,,,,,,,,,,,,,,,,,,,,,,,
Position_20250605_150137_RID014,0,,,,,,,,,,,,,,,,,,,,,,,,,,,,,,
Position_20250605_150237_RID014,0,,,,,,,,,,,,,,,,,,,,,,,,,,,,,,
Position_20250605_150336_RID014,0,,,,,,,,,,,,,,,,,,,,,,,,,,,,,,
Position_20250605_150459_RID014,0,,,,,,,,,,,,,,,,,,,,,,,,,,,,,,
Position_20250605_150543_RID014,0,,,,,,,,,,,,,,,,,,,,,,,,,,,,,,
Position_20250605_150636_RID014,0,,,,,,,,,,,,,,,,,,,,,,,,,,,,,,
Position_20250605_150736_RID014,0,,,,,,,,,,,,,,,,,,,,,,,,,,,,,,
Position_20250605_150835_RID014,0,,,,,,,,,,,,,,,,,,,,,,,,,,,,,,
Position_20250605_150935_RID014,0,,,,,,,,,,,,,,,,,,,,,,,,,,,,,,
Position_20250605_151038_RID014,0,,,,,,,,,,,,,,,,,,,,,,,,,,,,,,
Position_20250605_151139_RID014,0,,,,,,,,,,,,,,,,,,,,,,,,,,,,,,
Position_20250605_151236_RID014,0,,,,,,,,,,,,,,,,,,,,,,,,,,,,,,
Position_20250605_151338_RID014,0,,,,,,,,,,,,,,,,,,,,,,,,,,,,,,
Position_20250605_151434_RID014,0,,,,,,,,,,,,,,,,,,,,,,,,,,,,,,
Position_20250605_151536_RID014,0,,,,,,,,,,,,,,,,,,,,,,,,,,,,,,
Position_20250605_151635_RID014,0,,,,,,,,,,,,,,,,,,,,,,,,,,,,,,
Position_20250605_151736_RID014,0,,,,,,,,,,,,,,,,,,,,,,,,,,,,,,
Position_20250605_151835_RID014,0,,,,,,,,,,,,,,,,,,,,,,,,,,,,,,
Position_20250605_151936_RID014,0,,,,,,,,,,,,,,,,,,,,,,,,,,,,,,
Position_20250605_152035_RID014,0,,,,,,,,,,,,,,,,,,,,,,,,,,,,,,
Position_20250605_152137_RID014,0,,,,,,,,,,,,,,,,,,,,,,,,,,,,,,
Position_20250605_152238_RID014,0,,,,,,,,,,,,,,,,,,,,,,,,,,,,,,
Position_20250605_152336_RID014,0,,,,,,,,,,,,,,,,,,,,,,,,,,,,,,
Position_20250605_152437_RID014,0,,,,,,,,,,,,,,,,,,,,,,,,,,,,,,
Position_20250605_152540_RID014,0,,,,,,,,,,,,,,,,,,,,,,,,,,,,,,
Position_20250605_152638_RID014,0,,,,,,,,,,,,,,,,,,,,,,,,,,,,,,
Position_20250605_152735_RID014,0,,,,,,,,,,,,,,,,,,,,,,,,,,,,,,
Position_20250605_152837_RID014,0,,,,,,,,,,,,,,,,,,,,,,,,,,,,,,
Position_20250605_152937_RID014,0,,,,,,,,,,,,,,,,,,,,,,,,,,,,,,
Position_20250605_153037_RID014,0,,,,,,,,,,,,,,,,,,,,,,,,,,,,,,
Position_20250605_153135_RID014,0,,,,,,,,,,,,,,,,,,,,,,,,,,,,,,
Position_20250605_153236_RID014,0,,,,,,,,,,,,,,,,,,,,,,,,,,,,,,
Position_20250605_153434_RID014,0,,,,,,,,,,,,,,,,,,,,,,,,,,,,,,
Position_20250605_153536_RID014,0,,,,,,,,,,,,,,,,,,,,,,,,,,,,,,
Position_20250605_153637_RID014,0,,,,,,,,,,,,,,,,,,,,,,,,,,,,,,
Position_20250605_153735_RID014,0,,,,,,,,,,,,,,,,,,,,,,,,,,,,,,
Position_20250605_153836_RID014,0,,,,,,,,,,,,,,,,,,,,,,,,,,,,,,
Position_20250605_153935_RID014,0,,,,,,,,,,,,,,,,,,,,,,,,,,,,,,
Position_20250605_154037_RID014,0,,,,,,,,,,,,,,,,,,,,,,,,,,,,,,
Position_20250605_154136_RID014,0,,,,,,,,,,,,,,,,,,,,,,,,,,,,,,
Pressure_20250605_134320_RID014,0,,,,,,,,,,,,,,,,,,,,,,,,,,,,,,
Pressure_20250605_134405_RID014,0,,,,,,,,,,,,,,,,,,,,,,,,,,,,,,
Pressure_20250605_134448_RID014,0,,,,,,,,,,,,,,,,,,,,,,,,,,,,,,
Pressure_20250605_134535_RID014,0,,,,,,,,,,,,,,,,,,,,,,,,,,,,,,
Pressure_20250605_134636_RID014,0,,,,,,,,,,,,,,,,,,,,,,,,,,,,,,
Pressure_20250605_134735_RID014,0,,,,,,,,,,,,,,,,,,,,,,,,,,,,,,
Pressure_20250605_134836_RID014,0,,,,,,,,,,,,,,,,,,,,,,,,,,,,,,
Pressure_20250605_134936_RID014,0,,,,,,,,,,,,,,,,,,,,,,,,,,,,,,
Pressure_20250605_135136_RID014,0,,,,,,,,,,,,,,,,,,,,,,,,,,,,,,
Pressure_20250605_135237_RID014,0,,,,,,,,,,,,,,,,,,,,,,,,,,,,,,
Pressure_20250605_135336_RID014,0,,,,,,,,,,,,,,,,,,,,,,,,,,,,,,
Pressure_20250605_135437_RID014,0,,,,,,,,,,,,,,,,,,,,,,,,,,,,,,
Pressure_20250605_135536_RID014,0,,,,,,,,,,,,,,,,,,,,,,,,,,,,,,
Pressure_20250605_135637_RID014,0,,,,,,,,,,,,,,,,,,,,,,,,,,,,,,
Pressure_20250605_135736_RID014,0,,,,,,,,,,,,,,,,,,,,,,,,,,,,,,
Pressure_20250605_135835_RID014,0,,,,,,,,,,,,,,,,,,,,,,,,,,,,,,
Pressure_20250605_135938_RID014,0,,,,,,,,,,,,,,,,,,,,,,,,,,,,,,
Pressure_20250605_140136_RID014,0,,,,,,,,,,,,,,,,,,,,,,,,,,,,,,
Pressure_20250605_140236_RID014,0,,,,,,,,,,,,,,,,,,,,,,,,,,,,,,
Pressure_20250605_140337_RID014,0,,,,,,,,,,,,,,,,,,,,,,,,,,,,,,
Pressure_20250605_140436_RID014,0,,,,,,,,,,,,,,,,,,,,,,,,,,,,,,
Pressure_20250605_140536_RID014,0,,,,,,,,,,,,,,,,,,,,,,,,,,,,,,
Pressure_20250605_140638_RID014,0,,,,,,,,,,,,,,,,,,,,,,,,,,,,,,
Pressure_20250605_140735_RID014,0,,,,,,,,,,,,,,,,,,,,,,,,,,,,,,
Pressure_20250605_140937_RID014,0,,,,,,,,,,,,,,,,,,,,,,,,,,,,,,
Pressure_20250605_141034_RID014,0,,,,,,,,,,,,,,,,,,,,,,,,,,,,,,
Pressure_20250605_141136_RID014,0,,,,,,,,,,,,,,,,,,,,,,,,,,,,,,
Pressure_20250605_141235_RID014,0,,,,,,,,,,,,,,,,,,,,,,,,,,,,,,
Pressure_20250605_141337_RID014,0,,,,,,,,,,,,,,,,,,,,,,,,,,,,,,
Pressure_20250605_141437_RID014,0,,,,,,,,,,,,,,,,,,,,,,,,,,,,,,
Pressure_20250605_141638_RID014,0,,,,,,,,,,,,,,,,,,,,,,,,,,,,,,
Pressure_20250605_141736_RID014,0,,,,,,,,,,,,,,,,,,,,,,,,,,,,,,
Pressure_20250605_141838_RID014,0,,,,,,,,,,,,,,,,,,,,,,,,,,,,,,
Pressure_20250605_141933_RID014,0,,,,,,,,,,,,,,,,,,,,,,,,,,,,,,
Pressure_20250605_142035_RID014,0,,,,,,,,,,,,,,,,,,,,,,,,,,,,,,
Pressure_20250605_142136_RID014,0,,,,,,,,,,,,,,,,,,,,,,,,,,,,,,
Pressure_20250605_142235_RID014,0,,,,,,,,,,,,,,,,,,,,,,,,,,,,,,
Pressure_20250605_142335_RID014,0,,,,,,,,,,,,,,,,,,,,,,,,,,,,,,
Pressure_20250605_142435_RID014,0,,,,,,,,,,,,,,,,,,,,,,,,,,,,,,
Pressure_20250605_142638_RID014,0,,,,,,,,,,,,,,,,,,,,,,,,,,,,,,
Pressure_20250605_142736_RID014,0,,,,,,,,,,,,,,,,,,,,,,,,,,,,,,
Pressure_20250605_142836_RID014,0,,,,,,,,,,,,,,,,,,,,,,,,,,,,,,
Pressure_20250605_142934_RID014,0,,,,,,,,,,,,,,,,,,,,,,,,,,,,,,
Pressure_20250605_143034_RID014,0,,,,,,,,,,,,,,,,,,,,,,,,,,,,,,
Pressure_20250605_143139_RID014,0,,,,,,,,,,,,,,,,,,,,,,,,,,,,,,
Pressure_20250605_143336_RID014,0,,,,,,,,,,,,,,,,,,,,,,,,,,,,,,
Pressure_20250605_143534_RID014,0,,,,,,,,,,,,,,,,,,,,,,,,,,,,,,
Pressure_20250605_143735_RID014,0,,,,,,,,,,,,,,,,,,,,,,,,,,,,,,
Pressure_20250605_143835_RID014,0,,,,,,,,,,,,,,,,,,,,,,,,,,,,,,
Pressure_20250605_143936_RID014,0,,,,,,,,,,,,,,,,,,,,,,,,,,,,,,
Pressure_20250605_144035_RID014,0,,,,,,,,,,,,,,,,,,,,,,,,,,,,,,
Pressure_20250605_144135_RID014,0,,,,,,,,,,,,,,,,,,,,,,,,,,,,,,
Pressure_20250605_144236_RID014,0,,,,,,,,,,,,,,,,,,,,,,,,,,,,,,
Pressure_20250605_144337_RID014,0,,,,,,,,,,,,,,,,,,,,,,,,,,,,,,
Pressure_20250605_144437_RID014,0,,,,,,,,,,,,,,,,,,,,,,,,,,,,,,
Pressure_20250605_144534_RID014,0,,,,,,,,,,,,,,,,,,,,,,,,,,,,,,
Pressure_20250605_144637_RID014,0,,,,,,,,,,,,,,,,,,,,,,,,,,,,,,
Pressure_20250605_144735_RID014,0,,,,,,,,,,,,,,,,,,,,,,,,,,,,,,
Pressure_20250605_144835_RID014,0,,,,,,,,,,,,,,,,,,,,,,,,,,,,,,
Pressure_20250605_144935_RID014,0,,,,,,,,,,,,,,,,,,,,,,,,,,,,,,
Pressure_20250605_145035_RID014,0,,,,,,,,,,,,,,,,,,,,,,,,,,,,,,
Pressure_20250605_145134_RID014,0,,,,,,,,,,,,,,,,,,,,,,,,,,,,,,
Pressure_20250605_145336_RID014,0,,,,,,,,,,,,,,,,,,,,,,,,,,,,,,
Pressure_20250605_145436_RID014,0,,,,,,,,,,,,,,,,,,,,,,,,,,,,,,
Pressure_20250605_145534_RID014,0,,,,,,,,,,,,,,,,,,,,,,,,,,,,,,
Pressure_20250605_145637_RID014,0,,,,,,,,,,,,,,,,,,,,,,,,,,,,,,
Pressure_20250605_145736_RID014,0,,,,,,,,,,,,,,,,,,,,,,,,,,,,,,
Pressure_20250605_145836_RID014,0,,,,,,,,,,,,,,,,,,,,,,,,,,,,,,
Pressure_20250605_145937_RID014,0,,,,,,,,,,,,,,,,,,,,,,,,,,,,,,
Pressure_20250605_150137_RID014,0,,,,,,,,,,,,,,,,,,,,,,,,,,,,,,
Pressure_20250605_150237_RID014,0,,,,,,,,,,,,,,,,,,,,,,,,,,,,,,
Pressure_20250605_150336_RID014,0,,,,,,,,,,,,,,,,,,,,,,,,,,,,,,
Pressure_20250605_150459_RID014,0,,,,,,,,,,,,,,,,,,,,,,,,,,,,,,
Pressure_20250605_150543_RID014,0,,,,,,,,,,,,,,,,,,,,,,,,,,,,,,
Pressure_20250605_150636_RID014,0,,,,,,,,,,,,,,,,,,,,,,,,,,,,,,
Pressure_20250605_150736_RID014,0,,,,,,,,,,,,,,,,,,,,,,,,,,,,,,
Pressure_20250605_150835_RID014,0,,,,,,,,,,,,,,,,,,,,,,,,,,,,,,
Pressure_20250605_150935_RID014,0,,,,,,,,,,,,,,,,,,,,,,,,,,,,,,
Pressure_20250605_151038_RID014,0,,,,,,,,,,,,,,,,,,,,,,,,,,,,,,
Pressure_20250605_151139_RID014,0,,,,,,,,,,,,,,,,,,,,,,,,,,,,,,
Pressure_20250605_151236_RID014,0,,,,,,,,,,,,,,,,,,,,,,,,,,,,,,
Pressure_20250605_151338_RID014,0,,,,,,,,,,,,,,,,,,,,,,,,,,,,,,
Pressure_20250605_151434_RID014,0,,,,,,,,,,,,,,,,,,,,,,,,,,,,,,
Pressure_20250605_151536_RID014,0,,,,,,,,,,,,,,,,,,,,,,,,,,,,,,
Pressure_20250605_151635_RID014,0,,,,,,,,,,,,,,,,,,,,,,,,,,,,,,
Pressure_20250605_151736_RID014,0,,,,,,,,,,,,,,,,,,,,,,,,,,,,,,
Pressure_20250605_151835_RID014,0,,,,,,,,,,,,,,,,,,,,,,,,,,,,,,
Pressure_20250605_151936_RID014,0,,,,,,,,,,,,,,,,,,,,,,,,,,,,,,
Pressure_20250605_152035_RID014,0,,,,,,,,,,,,,,,,,,,,,,,,,,,,,,
Pressure_20250605_152137_RID014,0,,,,,,,,,,,,,,,,,,,,,,,,,,,,,,
Pressure_20250605_152238_RID014,0,,,,,,,,,,,,,,,,,,,,,,,,,,,,,,
Pressure_20250605_152336_RID014,0,,,,,,,,,,,,,,,,,,,,,,,,,,,,,,
Pressure_20250605_152437_RID014,0,,,,,,,,,,,,,,,,,,,,,,,,,,,,,,
Pressure_20250605_152540_RID014,0,,,,,,,,,,,,,,,,,,,,,,,,,,,,,,
Pressure_20250605_152638_RID014,0,,,,,,,,,,,,,,,,,,,,,,,,,,,,,,
Pressure_20250605_152735_RID014,0,,,,,,,,,,,,,,,,,,,,,,,,,,,,,,
Pressure_20250605_152837_RID014,0,,,,,,,,,,,,,,,,,,,,,,,,,,,,,,
Pressure_20250605_152937_RID014,0,,,,,,,,,,,,,,,,,,,,,,,,,,,,,,
Pressure_20250605_153037_RID014,0,,,,,,,,,,,,,,,,,,,,,,,,,,,,,,
Pressure_20250605_153135_RID014,0,,,,,,,,,,,,,,,,,,,,,,,,,,,,,,
Pressure_20250605_153236_RID014,0,,,,,,,,,,,,,,,,,,,,,,,,,,,,,,
Pressure_20250605_153434_RID014,0,,,,,,,,,,,,,,,,,,,,,,,,,,,,,,
Pressure_20250605_153536_RID014,0,,,,,,,,,,,,,,,,,,,,,,,,,,,,,,
Pressure_20250605_153637_RID014,0,,,,,,,,,,,,,,,,,,,,,,,,,,,,,,
Pressure_20250605_153735_RID014,0,,,,,,,,,,,,,,,,,,,,,,,,,,,,,,
Pressure_20250605_153836_RID014,0,,,,,,,,,,,,,,,,,,,,,,,,,,,,,,
Pressure_20250605_153935_RID014,0,,,,,,,,,,,,,,,,,,,,,,,,,,,,,,
Pressure_20250605_154037_RID014,0,,,,,,,,,,,,,,,,,,,,,,,,,,,,,,
Pressure_20250605_154136_RID014,0,,,,,,,,,,,,,,,,,,,,,,,,,,,,,,
Rate_20250605_134320_RID014,0,,,,,,,,,,,,,,,,,,,,,,,,,,,,,,
Rate_20250605_134405_RID014,0,,,,,,,,,,,,,,,,,,,,,,,,,,,,,,
Rate_20250605_134448_RID014,0,,,,,,,,,,,,,,,,,,,,,,,,,,,,,,
Rate_20250605_134535_RID014,0,,,,,,,,,,,,,,,,,,,,,,,,,,,,,,
Rate_20250605_134635_RID014,0,,,,,,,,,,,,,,,,,,,,,,,,,,,,,,
Rate_20250605_134735_RID014,0,,,,,,,,,,,,,,,,,,,,,,,,,,,,,,
Rate_20250605_134835_RID014,0,,,,,,,,,,,,,,,,,,,,,,,,,,,,,,
Rate_20250605_134935_RID014,0,,,,,,,,,,,,,,,,,,,,,,,,,,,,,,
Rate_20250605_135136_RID014,0,,,,,,,,,,,,,,,,,,,,,,,,,,,,,,
Rate_20250605_135237_RID014,0,,,,,,,,,,,,,,,,,,,,,,,,,,,,,,
Rate_20250605_135336_RID014,0,,,,,,,,,,,,,,,,,,,,,,,,,,,,,,
Rate_20250605_135437_RID014,0,,,,,,,,,,,,,,,,,,,,,,,,,,,,,,
Rate_20250605_135536_RID014,0,,,,,,,,,,,,,,,,,,,,,,,,,,,,,,
Rate_20250605_135636_RID014,0,,,,,,,,,,,,,,,,,,,,,,,,,,,,,,
Rate_20250605_135736_RID014,0,,,,,,,,,,,,,,,,,,,,,,,,,,,,,,
Rate_20250605_135835_RID014,0,,,,,,,,,,,,,,,,,,,,,,,,,,,,,,
Rate_20250605_135938_RID014,0,,,,,,,,,,,,,,,,,,,,,,,,,,,,,,
Rate_20250605_140136_RID014,0,,,,,,,,,,,,,,,,,,,,,,,,,,,,,,
Rate_20250605_140236_RID014,0,,,,,,,,,,,,,,,,,,,,,,,,,,,,,,
Rate_20250605_140336_RID014,0,,,,,,,,,,,,,,,,,,,,,,,,,,,,,,
Rate_20250605_140436_RID014,0,,,,,,,,,,,,,,,,,,,,,,,,,,,,,,
Rate_20250605_140535_RID014,0,,,,,,,,,,,,,,,,,,,,,,,,,,,,,,
Rate_20250605_140638_RID014,0,,,,,,,,,,,,,,,,,,,,,,,,,,,,,,
Rate_20250605_140735_RID014,0,,,,,,,,,,,,,,,,,,,,,,,,,,,,,,
Rate_20250605_140937_RID014,0,,,,,,,,,,,,,,,,,,,,,,,,,,,,,,
Rate_20250605_141034_RID014,0,,,,,,,,,,,,,,,,,,,,,,,,,,,,,,
Rate_20250605_141135_RID014,0,,,,,,,,,,,,,,,,,,,,,,,,,,,,,,
Rate_20250605_141235_RID014,0,,,,,,,,,,,,,,,,,,,,,,,,,,,,,,
Rate_20250605_141337_RID014,0,,,,,,,,,,,,,,,,,,,,,,,,,,,,,,
Rate_20250605_141436_RID014,0,,,,,,,,,,,,,,,,,,,,,,,,,,,,,,
Rate_20250605_141638_RID014,0,,,,,,,,,,,,,,,,,,,,,,,,,,,,,,
Rate_20250605_141736_RID014,0,,,,,,,,,,,,,,,,,,,,,,,,,,,,,,
Rate_20250605_141837_RID014,0,,,,,,,,,,,,,,,,,,,,,,,,,,,,,,
Rate_20250605_141932_RID014,0,,,,,,,,,,,,,,,,,,,,,,,,,,,,,,
Rate_20250605_142035_RID014,0,,,,,,,,,,,,,,,,,,,,,,,,,,,,,,
Rate_20250605_142136_RID014,0,,,,,,,,,,,,,,,,,,,,,,,,,,,,,,
Rate_20250605_142235_RID014,0,,,,,,,,,,,,,,,,,,,,,,,,,,,,,,
Rate_20250605_142335_RID014,0,,,,,,,,,,,,,,,,,,,,,,,,,,,,,,
Rate_20250605_142435_RID014,0,,,,,,,,,,,,,,,,,,,,,,,,,,,,,,
Rate_20250605_142637_RID014,0,,,,,,,,,,,,,,,,,,,,,,,,,,,,,,
Rate_20250605_142736_RID014,0,,,,,,,,,,,,,,,,,,,,,,,,,,,,,,
Rate_20250605_142836_RID014,0,,,,,,,,,,,,,,,,,,,,,,,,,,,,,,
Rate_20250605_142934_RID014,0,,,,,,,,,,,,,,,,,,,,,,,,,,,,,,
Rate_20250605_143034_RID014,0,,,,,,,,,,,,,,,,,,,,,,,,,,,,,,
Rate_20250605_143139_RID014,0,,,,,,,,,,,,,,,,,,,,,,,,,,,,,,
Rate_20250605_143335_RID014,0,,,,,,,,,,,,,,,,,,,,,,,,,,,,,,
Rate_20250605_143534_RID014,0,,,,,,,,,,,,,,,,,,,,,,,,,,,,,,
Rate_20250605_143735_RID014,0,,,,,,,,,,,,,,,,,,,,,,,,,,,,,,
Rate_20250605_143834_RID014,0,,,,,,,,,,,,,,,,,,,,,,,,,,,,,,
Rate_20250605_143935_RID014,0,,,,,,,,,,,,,,,,,,,,,,,,,,,,,,
Rate_20250605_144035_RID014,0,,,,,,,,,,,,,,,,,,,,,,,,,,,,,,
Rate_20250605_144135_RID014,0,,,,,,,,,,,,,,,,,,,,,,,,,,,,,,
Rate_20250605_144236_RID014,0,,,,,,,,,,,,,,,,,,,,,,,,,,,,,,
Rate_20250605_144337_RID014,0,,,,,,,,,,,,,,,,,,,,,,,,,,,,,,
Rate_20250605_144437_RID014,0,,,,,,,,,,,,,,,,,,,,,,,,,,,,,,
Rate_20250605_144534_RID014,0,,,,,,,,,,,,,,,,,,,,,,,,,,,,,,
Rate_20250605_144637_RID014,0,,,,,,,,,,,,,,,,,,,,,,,,,,,,,,
Rate_20250605_144735_RID014,0,,,,,,,,,,,,,,,,,,,,,,,,,,,,,,
Rate_20250605_144835_RID014,0,,,,,,,,,,,,,,,,,,,,,,,,,,,,,,
Rate_20250605_144935_RID014,0,,,,,,,,,,,,,,,,,,,,,,,,,,,,,,
Rate_20250605_145035_RID014,0,,,,,,,,,,,,,,,,,,,,,,,,,,,,,,
Rate_20250605_145134_RID014,0,,,,,,,,,,,,,,,,,,,,,,,,,,,,,,
Rate_20250605_145336_RID014,0,,,,,,,,,,,,,,,,,,,,,,,,,,,,,,
Rate_20250605_145436_RID014,0,,,,,,,,,,,,,,,,,,,,,,,,,,,,,,
Rate_20250605_145534_RID014,0,,,,,,,,,,,,,,,,,,,,,,,,,,,,,,
Rate_20250605_145636_RID014,0,,,,,,,,,,,,,,,,,,,,,,,,,,,,,,
Rate_20250605_145736_RID014,0,,,,,,,,,,,,,,,,,,,,,,,,,,,,,,
Rate_20250605_145836_RID014,0,,,,,,,,,,,,,,,,,,,,,,,,,,,,,,
Rate_20250605_145937_RID014,0,,,,,,,,,,,,,,,,,,,,,,,,,,,,,,
Rate_20250605_150137_RID014,0,,,,,,,,,,,,,,,,,,,,,,,,,,,,,,
Rate_20250605_150237_RID014,0,,,,,,,,,,,,,,,,,,,,,,,,,,,,,,
Rate_20250605_150335_RID014,0,,,,,,,,,,,,,,,,,,,,,,,,,,,,,,
Rate_20250605_150458_RID014,0,,,,,,,,,,,,,,,,,,,,,,,,,,,,,,
Rate_20250605_150543_RID014,0,,,,,,,,,,,,,,,,,,,,,,,,,,,,,,
Rate_20250605_150635_RID014,0,,,,,,,,,,,,,,,,,,,,,,,,,,,,,,
Rate_20250605_150736_RID014,0,,,,,,,,,,,,,,,,,,,,,,,,,,,,,,
Rate_20250605_150835_RID014,0,,,,,,,,,,,,,,,,,,,,,,,,,,,,,,
Rate_20250605_150935_RID014,0,,,,,,,,,,,,,,,,,,,,,,,,,,,,,,
Rate_20250605_151038_RID014,0,,,,,,,,,,,,,,,,,,,,,,,,,,,,,,
Rate_20250605_151138_RID014,0,,,,,,,,,,,,,,,,,,,,,,,,,,,,,,
Rate_20250605_151235_RID014,0,,,,,,,,,,,,,,,,,,,,,,,,,,,,,,
Rate_20250605_151337_RID014,0,,,,,,,,,,,,,,,,,,,,,,,,,,,,,,
Rate_20250605_151434_RID014,0,,,,,,,,,,,,,,,,,,,,,,,,,,,,,,
Rate_20250605_151536_RID014,0,,,,,,,,,,,,,,,,,,,,,,,,,,,,,,
Rate_20250605_151635_RID014,0,,,,,,,,,,,,,,,,,,,,,,,,,,,,,,
Rate_20250605_151736_RID014,0,,,,,,,,,,,,,,,,,,,,,,,,,,,,,,
Rate_20250605_151835_RID014,0,,,,,,,,,,,,,,,,,,,,,,,,,,,,,,
Rate_20250605_151936_RID014,0,,,,,,,,,,,,,,,,,,,,,,,,,,,,,,
Rate_20250605_152035_RID014,0,,,,,,,,,,,,,,,,,,,,,,,,,,,,,,
Rate_20250605_152136_RID014,0,,,,,,,,,,,,,,,,,,,,,,,,,,,,,,
Rate_20250605_152238_RID014,0,,,,,,,,,,,,,,,,,,,,,,,,,,,,,,
Rate_20250605_152336_RID014,0,,,,,,,,,,,,,,,,,,,,,,,,,,,,,,
Rate_20250605_152437_RID014,0,,,,,,,,,,,,,,,,,,,,,,,,,,,,,,
Rate_20250605_152540_RID014,0,,,,,,,,,,,,,,,,,,,,,,,,,,,,,,
Rate_20250605_152638_RID014,0,,,,,,,,,,,,,,,,,,,,,,,,,,,,,,
Rate_20250605_152735_RID014,0,,,,,,,,,,,,,,,,,,,,,,,,,,,,,,
Rate_20250605_152837_RID014,0,,,,,,,,,,,,,,,,,,,,,,,,,,,,,,
Rate_20250605_152936_RID014,0,,,,,,,,,,,,,,,,,,,,,,,,,,,,,,
Rate_20250605_153037_RID014,0,,,,,,,,,,,,,,,,,,,,,,,,,,,,,,
Rate_20250605_153134_RID014,0,,,,,,,,,,,,,,,,,,,,,,,,,,,,,,
Rate_20250605_153236_RID014,0,,,,,,,,,,,,,,,,,,,,,,,,,,,,,,
Rate_20250605_153434_RID014,0,,,,,,,,,,,,,,,,,,,,,,,,,,,,,,
Rate_20250605_153536_RID014,0,,,,,,,,,,,,,,,,,,,,,,,,,,,,,,
Rate_20250605_153637_RID014,0,,,,,,,,,,,,,,,,,,,,,,,,,,,,,,
Rate_20250605_153735_RID014,0,,,,,,,,,,,,,,,,,,,,,,,,,,,,,,
Rate_20250605_153836_RID014,0,,,,,,,,,,,,,,,,,,,,,,,,,,,,,,
Rate_20250605_153935_RID014,0,,,,,,,,,,,,,,,,,,,,,,,,,,,,,,
Rate_20250605_154037_RID014,0,,,,,,,,,,,,,,,,,,,,,,,,,,,,,,
Rate_20250605_154136_RID014,0,,,,,,,,,,,,,,,,,,,,,,,,,,,,,,
Velocity_20250605_134320_RID014,0,,,,,,,,,,,,,,,,,,,,,,,,,,,,,,
Velocity_20250605_134405_RID014,0,,,,,,,,,,,,,,,,,,,,,,,,,,,,,,
Velocity_20250605_134448_RID014,0,,,,,,,,,,,,,,,,,,,,,,,,,,,,,,
Velocity_20250605_134535_RID014,0,,,,,,,,,,,,,,,,,,,,,,,,,,,,,,
Velocity_20250605_134636_RID014,0,,,,,,,,,,,,,,,,,,,,,,,,,,,,,,
Velocity_20250605_134735_RID014,0,,,,,,,,,,,,,,,,,,,,,,,,,,,,,,
Velocity_20250605_134836_RID014,0,,,,,,,,,,,,,,,,,,,,,,,,,,,,,,
Velocity_20250605_134936_RID014,0,,,,,,,,,,,,,,,,,,,,,,,,,,,,,,
Velocity_20250605_135136_RID014,0,,,,,,,,,,,,,,,,,,,,,,,,,,,,,,
Velocity_20250605_135237_RID014,0,,,,,,,,,,,,,,,,,,,,,,,,,,,,,,
Velocity_20250605_135336_RID014,0,,,,,,,,,,,,,,,,,,,,,,,,,,,,,,
Velocity_20250605_135437_RID014,0,,,,,,,,,,,,,,,,,,,,,,,,,,,,,,
Velocity_20250605_135536_RID014,0,,,,,,,,,,,,,,,,,,,,,,,,,,,,,,
Velocity_20250605_135637_RID014,0,,,,,,,,,,,,,,,,,,,,,,,,,,,,,,
Velocity_20250605_135736_RID014,0,,,,,,,,,,,,,,,,,,,,,,,,,,,,,,
Velocity_20250605_135835_RID014,0,,,,,,,,,,,,,,,,,,,,,,,,,,,,,,
Velocity_20250605_135938_RID014,0,,,,,,,,,,,,,,,,,,,,,,,,,,,,,,
Velocity_20250605_140136_RID014,0,,,,,,,,,,,,,,,,,,,,,,,,,,,,,,
Velocity_20250605_140236_RID014,0,,,,,,,,,,,,,,,,,,,,,,,,,,,,,,
Velocity_20250605_140337_RID014,0,,,,,,,,,,,,,,,,,,,,,,,,,,,,,,
Velocity_20250605_140436_RID014,0,,,,,,,,,,,,,,,,,,,,,,,,,,,,,,
Velocity_20250605_140536_RID014,0,,,,,,,,,,,,,,,,,,,,,,,,,,,,,,
Velocity_20250605_140638_RID014,0,,,,,,,,,,,,,,,,,,,,,,,,,,,,,,
Velocity_20250605_140735_RID014,0,,,,,,,,,,,,,,,,,,,,,,,,,,,,,,
Velocity_20250605_140937_RID014,0,,,,,,,,,,,,,,,,,,,,,,,,,,,,,,
Velocity_20250605_141034_RID014,0,,,,,,,,,,,,,,,,,,,,,,,,,,,,,,
Velocity_20250605_141136_RID014,0,,,,,,,,,,,,,,,,,,,,,,,,,,,,,,
Velocity_20250605_141235_RID014,0,,,,,,,,,,,,,,,,,,,,,,,,,,,,,,
Velocity_20250605_141337_RID014,0,,,,,,,,,,,,,,,,,,,,,,,,,,,,,,
Velocity_20250605_141437_RID014,0,,,,,,,,,,,,,,,,,,,,,,,,,,,,,,
Velocity_20250605_141638_RID014,0,,,,,,,,,,,,,,,,,,,,,,,,,,,,,,
Velocity_20250605_141736_RID014,0,,,,,,,,,,,,,,,,,,,,,,,,,,,,,,
Velocity_20250605_141838_RID014,0,,,,,,,,,,,,,,,,,,,,,,,,,,,,,,
Velocity_20250605_141933_RID014,0,,,,,,,,,,,,,,,,,,,,,,,,,,,,,,
Velocity_20250605_142035_RID014,0,,,,,,,,,,,,,,,,,,,,,,,,,,,,,,
Velocity_20250605_142136_RID014,0,,,,,,,,,,,,,,,,,,,,,,,,,,,,,,
Velocity_20250605_142235_RID014,0,,,,,,,,,,,,,,,,,,,,,,,,,,,,,,
Velocity_20250605_142335_RID014,0,,,,,,,,,,,,,,,,,,,,,,,,,,,,,,
Velocity_20250605_142435_RID014,0,,,,,,,,,,,,,,,,,,,,,,,,,,,,,,
Velocity_20250605_142638_RID014,0,,,,,,,,,,,,,,,,,,,,,,,,,,,,,,
Velocity_20250605_142736_RID014,0,,,,,,,,,,,,,,,,,,,,,,,,,,,,,,
Velocity_20250605_142836_RID014,0,,,,,,,,,,,,,,,,,,,,,,,,,,,,,,
Velocity_20250605_142934_RID014,0,,,,,,,,,,,,,,,,,,,,,,,,,,,,,,
Velocity_20250605_143034_RID014,0,,,,,,,,,,,,,,,,,,,,,,,,,,,,,,
Velocity_20250605_143139_RID014,0,,,,,,,,,,,,,,,,,,,,,,,,,,,,,,
Velocity_20250605_143336_RID014,0,,,,,,,,,,,,,,,,,,,,,,,,,,,,,,
Velocity_20250605_143534_RID014,0,,,,,,,,,,,,,,,,,,,,,,,,,,,,,,
Velocity_20250605_143735_RID014,0,,,,,,,,,,,,,,,,,,,,,,,,,,,,,,
Velocity_20250605_143835_RID014,0,,,,,,,,,,,,,,,,,,,,,,,,,,,,,,
Velocity_20250605_143936_RID014,0,,,,,,,,,,,,,,,,,,,,,,,,,,,,,,
Velocity_20250605_144035_RID014,0,,,,,,,,,,,,,,,,,,,,,,,,,,,,,,
Velocity_20250605_144135_RID014,0,,,,,,,,,,,,,,,,,,,,,,,,,,,,,,
Velocity_20250605_144236_RID014,0,,,,,,,,,,,,,,,,,,,,,,,,,,,,,,
Velocity_20250605_144337_RID014,0,,,,,,,,,,,,,,,,,,,,,,,,,,,,,,
Velocity_20250605_144437_RID014,0,,,,,,,,,,,,,,,,,,,,,,,,,,,,,,
Velocity_20250605_144534_RID014,0,,,,,,,,,,,,,,,,,,,,,,,,,,,,,,
Velocity_20250605_144637_RID014,0,,,,,,,,,,,,,,,,,,,,,,,,,,,,,,
Velocity_20250605_144735_RID014,0,,,,,,,,,,,,,,,,,,,,,,,,,,,,,,
Velocity_20250605_144835_RID014,0,,,,,,,,,,,,,,,,,,,,,,,,,,,,,,
Velocity_20250605_144935_RID014,0,,,,,,,,,,,,,,,,,,,,,,,,,,,,,,
Velocity_20250605_145035_RID014,0,,,,,,,,,,,,,,,,,,,,,,,,,,,,,,
Velocity_20250605_145134_RID014,0,,,,,,,,,,,,,,,,,,,,,,,,,,,,,,
Velocity_20250605_145336_RID014,0,,,,,,,,,,,,,,,,,,,,,,,,,,,,,,
Velocity_20250605_145436_RID014,0,,,,,,,,,,,,,,,,,,,,,,,,,,,,,,
Velocity_20250605_145534_RID014,0,,,,,,,,,,,,,,,,,,,,,,,,,,,,,,
Velocity_20250605_145637_RID014,0,,,,,,,,,,,,,,,,,,,,,,,,,,,,,,
Velocity_20250605_145736_RID014,0,,,,,,,,,,,,,,,,,,,,,,,,,,,,,,
Velocity_20250605_145836_RID014,0,,,,,,,,,,,,,,,,,,,,,,,,,,,,,,
Velocity_20250605_145937_RID014,0,,,,,,,,,,,,,,,,,,,,,,,,,,,,,,
Velocity_20250605_150137_RID014,0,,,,,,,,,,,,,,,,,,,,,,,,,,,,,,
Velocity_20250605_150237_RID014,0,,,,,,,,,,,,,,,,,,,,,,,,,,,,,,
Velocity_20250605_150336_RID014,0,,,,,,,,,,,,,,,,,,,,,,,,,,,,,,
Velocity_20250605_150459_RID014,0,,,,,,,,,,,,,,,,,,,,,,,,,,,,,,
Velocity_20250605_150543_RID014,0,,,,,,,,,,,,,,,,,,,,,,,,,,,,,,
Velocity_20250605_150636_RID014,0,,,,,,,,,,,,,,,,,,,,,,,,,,,,,,
Velocity_20250605_150736_RID014,0,,,,,,,,,,,,,,,,,,,,,,,,,,,,,,
Velocity_20250605_150835_RID014,0,,,,,,,,,,,,,,,,,,,,,,,,,,,,,,
Velocity_20250605_150935_RID014,0,,,,,,,,,,,,,,,,,,,,,,,,,,,,,,
Velocity_20250605_151038_RID014,0,,,,,,,,,,,,,,,,,,,,,,,,,,,,,,
Velocity_20250605_151139_RID014,0,,,,,,,,,,,,,,,,,,,,,,,,,,,,,,
Velocity_20250605_151236_RID014,0,,,,,,,,,,,,,,,,,,,,,,,,,,,,,,
Velocity_20250605_151338_RID014,0,,,,,,,,,,,,,,,,,,,,,,,,,,,,,,
Velocity_20250605_151434_RID014,0,,,,,,,,,,,,,,,,,,,,,,,,,,,,,,
Velocity_20250605_151536_RID014,0,,,,,,,,,,,,,,,,,,,,,,,,,,,,,,
Velocity_20250605_151635_RID014,0,,,,,,,,,,,,,,,,,,,,,,,,,,,,,,
Velocity_20250605_151736_RID014,0,,,,,,,,,,,,,,,,,,,,,,,,,,,,,,
Velocity_20250605_151835_RID014,0,,,,,,,,,,,,,,,,,,,,,,,,,,,,,,
Velocity_20250605_151936_RID014,0,,,,,,,,,,,,,,,,,,,,,,,,,,,,,,
Velocity_20250605_152035_RID014,0,,,,,,,,,,,,,,,,,,,,,,,,,,,,,,
Velocity_20250605_152137_RID014,0,,,,,,,,,,,,,,,,,,,,,,,,,,,,,,
Velocity_20250605_152238_RID014,0,,,,,,,,,,,,,,,,,,,,,,,,,,,,,,
Velocity_20250605_152336_RID014,0,,,,,,,,,,,,,,,,,,,,,,,,,,,,,,
Velocity_20250605_152437_RID014,0,,,,,,,,,,,,,,,,,,,,,,,,,,,,,,
Velocity_20250605_152540_RID014,0,,,,,,,,,,,,,,,,,,,,,,,,,,,,,,
Velocity_20250605_152638_RID014,0,,,,,,,,,,,,,,,,,,,,,,,,,,,,,,
Velocity_20250605_152735_RID014,0,,,,,,,,,,,,,,,,,,,,,,,,,,,,,,
Velocity_20250605_152837_RID014,0,,,,,,,,,,,,,,,,,,,,,,,,,,,,,,
Velocity_20250605_152937_RID014,0,,,,,,,,,,,,,,,,,,,,,,,,,,,,,,
Velocity_20250605_153037_RID014,0,,,,,,,,,,,,,,,,,,,,,,,,,,,,,,
Velocity_20250605_153135_RID014,0,,,,,,,,,,,,,,,,,,,,,,,,,,,,,,
Velocity_20250605_153236_RID014,0,,,,,,,,,,,,,,,,,,,,,,,,,,,,,,
Velocity_20250605_153434_RID014,0,,,,,,,,,,,,,,,,,,,,,,,,,,,,,,
Velocity_20250605_153536_RID014,0,,,,,,,,,,,,,,,,,,,,,,,,,,,,,,
Velocity_20250605_153637_RID014,0,,,,,,,,,,,,,,,,,,,,,,,,,,,,,,
Velocity_20250605_153735_RID014,0,,,,,,,,,,,,,,,,,,,,,,,,,,,,,,
Velocity_20250605_153836_RID014,0,,,,,,,,,,,,,,,,,,,,,,,,,,,,,,
Velocity_20250605_153935_RID014,0,,,,,,,,,,,,,,,,,,,,,,,,,,,,,,
Velocity_20250605_154037_RID014,0,,,,,,,,,,,,,,,,,,,,,,,,,,,,,,
Velocity_20250605_154136_RID014,0,,,,,,,,,,,,,,,,,,,,,,,,,,,,,,
